"file","variable","producer_files"
"D:/Users/martensn/BRAIN_DRAIN/Code/00_crosswalks.Rmd","cbsa_name","D:/Users/martensn/BRAIN_DRAIN/Code/09b_plots_old.Rmd"
"D:/Users/martensn/BRAIN_DRAIN/Code/00_crosswalks.Rmd","state_code","D:/Users/martensn/BRAIN_DRAIN/Code/09_plots.Rmd;D:/Users/martensn/BRAIN_DRAIN/Code/intercensal.R"
"D:/Users/martensn/BRAIN_DRAIN/Code/01_shocks.Rmd","unified_cbsa","D:/Users/martensn/BRAIN_DRAIN/Code/00_crosswalks.Rmd"
"D:/Users/martensn/BRAIN_DRAIN/Code/01_shocks.Rmd","year","D:/Users/martensn/BRAIN_DRAIN/Code/05_merge.Rmd"
"D:/Users/martensn/BRAIN_DRAIN/Code/02_col_chars.Rmd","fips","D:/Users/martensn/BRAIN_DRAIN/Code/09_plots.Rmd;D:/Users/martensn/BRAIN_DRAIN/Code/intercensal.R"
"D:/Users/martensn/BRAIN_DRAIN/Code/02_col_chars.Rmd","inst_group","D:/Users/martensn/BRAIN_DRAIN/Code/06_finalize_data.Rmd;D:/Users/martensn/BRAIN_DRAIN/Code/08_data_generation.Rmd"
"D:/Users/martensn/BRAIN_DRAIN/Code/02_col_chars.Rmd","inst_name","D:/Users/martensn/BRAIN_DRAIN/Code/a_hs_col_construct.R;D:/Users/martensn/BRAIN_DRAIN/Code/new/00_alias_generation.R"
"D:/Users/martensn/BRAIN_DRAIN/Code/02_col_chars.Rmd","institution_crosswalk","D:/Users/martensn/BRAIN_DRAIN/Code/00_crosswalks.Rmd"
"D:/Users/martensn/BRAIN_DRAIN/Code/02_col_chars.Rmd","microdata","D:/Users/martensn/BRAIN_DRAIN/Code/05_merge.Rmd;D:/Users/martensn/BRAIN_DRAIN/Code/06_finalize_data.Rmd;D:/Users/martensn/BRAIN_DRAIN/Code/09b_plots_old.Rmd;D:/Users/martensn/BRAIN_DRAIN/Code/10_roi.Rmd"
"D:/Users/martensn/BRAIN_DRAIN/Code/02_col_chars.Rmd","total","D:/Users/martensn/BRAIN_DRAIN/Code/08_data_generation.Rmd"
"D:/Users/martensn/BRAIN_DRAIN/Code/02_col_chars.Rmd","unified_cbsa","D:/Users/martensn/BRAIN_DRAIN/Code/00_crosswalks.Rmd"
"D:/Users/martensn/BRAIN_DRAIN/Code/02_col_chars.Rmd","year","D:/Users/martensn/BRAIN_DRAIN/Code/05_merge.Rmd"
"D:/Users/martensn/BRAIN_DRAIN/Code/02_hs_chars.Rmd","county_full","D:/Users/martensn/BRAIN_DRAIN/Code/00_crosswalks.Rmd"
"D:/Users/martensn/BRAIN_DRAIN/Code/02_hs_chars.Rmd","unified_cbsa","D:/Users/martensn/BRAIN_DRAIN/Code/00_crosswalks.Rmd"
"D:/Users/martensn/BRAIN_DRAIN/Code/03_dedup_col.R","col_p1","D:/Users/martensn/BRAIN_DRAIN/Code/demo.R;D:/Users/martensn/BRAIN_DRAIN/Code/new/01_col_hs_crosswalk.R;D:/Users/martensn/BRAIN_DRAIN/Code/new/02_embed_new.R"
"D:/Users/martensn/BRAIN_DRAIN/Code/03_dedup_col.R","col_p2","D:/Users/martensn/BRAIN_DRAIN/Code/demo.R;D:/Users/martensn/BRAIN_DRAIN/Code/new/01_col_hs_crosswalk.R;D:/Users/martensn/BRAIN_DRAIN/Code/new/02_embed_new.R"
"D:/Users/martensn/BRAIN_DRAIN/Code/03_dedup_col.R","col_p3","D:/Users/martensn/BRAIN_DRAIN/Code/demo.R;D:/Users/martensn/BRAIN_DRAIN/Code/new/01_col_hs_crosswalk.R"
"D:/Users/martensn/BRAIN_DRAIN/Code/03_dedup_col.R","col_p4","D:/Users/martensn/BRAIN_DRAIN/Code/demo.R;D:/Users/martensn/BRAIN_DRAIN/Code/new/01_col_hs_crosswalk.R"
"D:/Users/martensn/BRAIN_DRAIN/Code/03_dedup_col.R","data_dir","D:/Users/martensn/BRAIN_DRAIN/Code/demo.R;D:/Users/martensn/BRAIN_DRAIN/Code/new/01_col_hs_crosswalk.R;D:/Users/martensn/BRAIN_DRAIN/Code/new/02_embed.R;D:/Users/martensn/BRAIN_DRAIN/Code/new/03_crosswalk_val.R;D:/Users/martensn/BRAIN_DRAIN/Code/new/04_col_hs_construct.R;D:/Users/martensn/BRAIN_DRAIN/Code/new/05_demographics.R;D:/Users/martensn/BRAIN_DRAIN/Code/new/06_census.R"
"D:/Users/martensn/BRAIN_DRAIN/Code/03_li_ed.Rmd","all_hs","D:/Users/martensn/BRAIN_DRAIN/Code/02_hs_chars.Rmd"
"D:/Users/martensn/BRAIN_DRAIN/Code/03_li_ed.Rmd","name_crosswalk_1","D:/Users/martensn/BRAIN_DRAIN/Code/00_crosswalks.Rmd"
"D:/Users/martensn/BRAIN_DRAIN/Code/03_li_ed.Rmd","name_crosswalk_2","D:/Users/martensn/BRAIN_DRAIN/Code/00_crosswalks.Rmd"
"D:/Users/martensn/BRAIN_DRAIN/Code/03_li_ed.Rmd","name_crosswalk_3","D:/Users/martensn/BRAIN_DRAIN/Code/00_crosswalks.Rmd"
"D:/Users/martensn/BRAIN_DRAIN/Code/03_li_ed.Rmd","superope_ope_crosswalk","D:/Users/martensn/BRAIN_DRAIN/Code/00_crosswalks.Rmd"
"D:/Users/martensn/BRAIN_DRAIN/Code/04_li_ed_pos.Rmd","both","D:/Users/martensn/BRAIN_DRAIN/Code/03_li_ed.Rmd;D:/Users/martensn/BRAIN_DRAIN/Code/d_sample_construction.R;D:/Users/martensn/BRAIN_DRAIN/Code/e_detect_mismatches.R;D:/Users/martensn/BRAIN_DRAIN/Code/new/04_col_hs_construct.R"
"D:/Users/martensn/BRAIN_DRAIN/Code/04_li_ed_pos.Rmd","cbsa_code_name","D:/Users/martensn/BRAIN_DRAIN/Code/00_crosswalks.Rmd"
"D:/Users/martensn/BRAIN_DRAIN/Code/04_li_ed_pos.Rmd","cbsa_fips","D:/Users/martensn/BRAIN_DRAIN/Code/00_crosswalks.Rmd"
"D:/Users/martensn/BRAIN_DRAIN/Code/04_li_ed_pos.Rmd","cbsa_li_crosswalk","D:/Users/martensn/BRAIN_DRAIN/Code/00_crosswalks.Rmd"
"D:/Users/martensn/BRAIN_DRAIN/Code/04_li_ed_pos.Rmd","cbsa_na","D:/Users/martensn/BRAIN_DRAIN/Code/00_crosswalks.Rmd"
"D:/Users/martensn/BRAIN_DRAIN/Code/04_li_ed_pos.Rmd","col_match","D:/Users/martensn/BRAIN_DRAIN/Code/03_li_ed.Rmd"
"D:/Users/martensn/BRAIN_DRAIN/Code/04_li_ed_pos.Rmd","col_name","D:/Users/martensn/BRAIN_DRAIN/Code/05_merge.Rmd"
"D:/Users/martensn/BRAIN_DRAIN/Code/04_li_ed_pos.Rmd","col_users","D:/Users/martensn/BRAIN_DRAIN/Code/03_li_ed.Rmd"
"D:/Users/martensn/BRAIN_DRAIN/Code/04_li_ed_pos.Rmd","duplicated_hs","D:/Users/martensn/BRAIN_DRAIN/Code/03_li_ed.Rmd"
"D:/Users/martensn/BRAIN_DRAIN/Code/04_li_ed_pos.Rmd","ed_li","D:/Users/martensn/BRAIN_DRAIN/Code/03_li_ed.Rmd;D:/Users/martensn/BRAIN_DRAIN/Code/c_col_hs_classification.R;D:/Users/martensn/BRAIN_DRAIN/Code/d_sample_construction.R;D:/Users/martensn/BRAIN_DRAIN/Code/e_detect_mismatches.R"
"D:/Users/martensn/BRAIN_DRAIN/Code/04_li_ed_pos.Rmd","ed_li_sample","D:/Users/martensn/BRAIN_DRAIN/Code/03_li_ed.Rmd"
"D:/Users/martensn/BRAIN_DRAIN/Code/04_li_ed_pos.Rmd","frequent_names","D:/Users/martensn/BRAIN_DRAIN/Code/03_li_ed.Rmd"
"D:/Users/martensn/BRAIN_DRAIN/Code/04_li_ed_pos.Rmd","hs_match","D:/Users/martensn/BRAIN_DRAIN/Code/03_li_ed.Rmd"
"D:/Users/martensn/BRAIN_DRAIN/Code/04_li_ed_pos.Rmd","hs_users","D:/Users/martensn/BRAIN_DRAIN/Code/03_li_ed.Rmd"
"D:/Users/martensn/BRAIN_DRAIN/Code/04_li_ed_pos.Rmd","li_alt_name","D:/Users/martensn/BRAIN_DRAIN/Code/03_li_ed.Rmd"
"D:/Users/martensn/BRAIN_DRAIN/Code/04_li_ed_pos.Rmd","n","D:/Users/martensn/BRAIN_DRAIN/Code/07_regressions.Rmd;D:/Users/martensn/BRAIN_DRAIN/Code/b_embedding_test.R;D:/Users/martensn/BRAIN_DRAIN/Code/c_col_hs_classification.R;D:/Users/martensn/BRAIN_DRAIN/Code/new/02_embed.R;D:/Users/martensn/BRAIN_DRAIN/Code/new/02_embed_new.R"
"D:/Users/martensn/BRAIN_DRAIN/Code/04_li_ed_pos.Rmd","name_counts","D:/Users/martensn/BRAIN_DRAIN/Code/03_li_ed.Rmd"
"D:/Users/martensn/BRAIN_DRAIN/Code/04_li_ed_pos.Rmd","nces_alt_name","D:/Users/martensn/BRAIN_DRAIN/Code/03_li_ed.Rmd"
"D:/Users/martensn/BRAIN_DRAIN/Code/04_li_ed_pos.Rmd","not_hs","D:/Users/martensn/BRAIN_DRAIN/Code/03_li_ed.Rmd"
"D:/Users/martensn/BRAIN_DRAIN/Code/04_li_ed_pos.Rmd","private","D:/Users/martensn/BRAIN_DRAIN/Code/02_hs_chars.Rmd;D:/Users/martensn/BRAIN_DRAIN/Code/a_hs_col_construct.R;D:/Users/martensn/BRAIN_DRAIN/Code/new/00_alias_generation.R"
"D:/Users/martensn/BRAIN_DRAIN/Code/04_li_ed_pos.Rmd","private_hs","D:/Users/martensn/BRAIN_DRAIN/Code/02_hs_chars.Rmd"
"D:/Users/martensn/BRAIN_DRAIN/Code/04_li_ed_pos.Rmd","public","D:/Users/martensn/BRAIN_DRAIN/Code/02_hs_chars.Rmd;D:/Users/martensn/BRAIN_DRAIN/Code/a_hs_col_construct.R;D:/Users/martensn/BRAIN_DRAIN/Code/new/00_alias_generation.R"
"D:/Users/martensn/BRAIN_DRAIN/Code/04_li_ed_pos.Rmd","public_hs","D:/Users/martensn/BRAIN_DRAIN/Code/02_hs_chars.Rmd"
"D:/Users/martensn/BRAIN_DRAIN/Code/04_li_ed_pos.Rmd","raw_county","D:/Users/martensn/BRAIN_DRAIN/Code/00_crosswalks.Rmd"
"D:/Users/martensn/BRAIN_DRAIN/Code/04_li_ed_pos.Rmd","still_hs","D:/Users/martensn/BRAIN_DRAIN/Code/03_li_ed.Rmd"
"D:/Users/martensn/BRAIN_DRAIN/Code/04_li_ed_pos.Rmd","unified_cbsa_name","D:/Users/martensn/BRAIN_DRAIN/Code/00_crosswalks.Rmd"
"D:/Users/martensn/BRAIN_DRAIN/Code/05_merge.Rmd","all_hs","D:/Users/martensn/BRAIN_DRAIN/Code/02_hs_chars.Rmd"
"D:/Users/martensn/BRAIN_DRAIN/Code/05_merge.Rmd","cbsa_mode","D:/Users/martensn/BRAIN_DRAIN/Code/09b_plots_old.Rmd"
"D:/Users/martensn/BRAIN_DRAIN/Code/05_merge.Rmd","cbsa_shock_ptile","D:/Users/martensn/BRAIN_DRAIN/Code/01_shocks.Rmd;D:/Users/martensn/BRAIN_DRAIN/Code/07_regressions.Rmd"
"D:/Users/martensn/BRAIN_DRAIN/Code/05_merge.Rmd","col_state","D:/Users/martensn/BRAIN_DRAIN/Code/04_li_ed_pos.Rmd"
"D:/Users/martensn/BRAIN_DRAIN/Code/05_merge.Rmd","completed","D:/Users/martensn/BRAIN_DRAIN/Code/04_li_ed_pos.Rmd"
"D:/Users/martensn/BRAIN_DRAIN/Code/05_merge.Rmd","soc_2","D:/Users/martensn/BRAIN_DRAIN/Code/09_plots.Rmd"
"D:/Users/martensn/BRAIN_DRAIN/Code/05_merge.Rmd","unified_cbsa","D:/Users/martensn/BRAIN_DRAIN/Code/00_crosswalks.Rmd"
"D:/Users/martensn/BRAIN_DRAIN/Code/05_merge.Rmd","years","D:/Users/martensn/BRAIN_DRAIN/Code/09_plots.Rmd"
"D:/Users/martensn/BRAIN_DRAIN/Code/06_finalize_data.Rmd","col_name","D:/Users/martensn/BRAIN_DRAIN/Code/05_merge.Rmd"
"D:/Users/martensn/BRAIN_DRAIN/Code/06_finalize_data.Rmd","col_state","D:/Users/martensn/BRAIN_DRAIN/Code/04_li_ed_pos.Rmd"
"D:/Users/martensn/BRAIN_DRAIN/Code/06_finalize_data.Rmd","in_state","D:/Users/martensn/BRAIN_DRAIN/Code/07_regressions.Rmd"
"D:/Users/martensn/BRAIN_DRAIN/Code/06_finalize_data.Rmd","instate","D:/Users/martensn/BRAIN_DRAIN/Code/09_plots.Rmd;D:/Users/martensn/BRAIN_DRAIN/Code/10_roi.Rmd;D:/Users/martensn/BRAIN_DRAIN/Code/a_hs_col_construct.R;D:/Users/martensn/BRAIN_DRAIN/Code/new/04_col_hs_construct.R"
"D:/Users/martensn/BRAIN_DRAIN/Code/06_finalize_data.Rmd","transfer","D:/Users/martensn/BRAIN_DRAIN/Code/03_li_ed.Rmd;D:/Users/martensn/BRAIN_DRAIN/Code/04_li_ed_pos.Rmd"
"D:/Users/martensn/BRAIN_DRAIN/Code/07_regressions.Rmd","cohorts","D:/Users/martensn/BRAIN_DRAIN/Code/06_finalize_data.Rmd;D:/Users/martensn/BRAIN_DRAIN/Code/09_plots.Rmd"
"D:/Users/martensn/BRAIN_DRAIN/Code/07_regressions.Rmd","geo","D:/Users/martensn/BRAIN_DRAIN/Code/05_merge.Rmd;D:/Users/martensn/BRAIN_DRAIN/Code/a_hs_col_construct.R;D:/Users/martensn/BRAIN_DRAIN/Code/new/00_alias_generation.R"
"D:/Users/martensn/BRAIN_DRAIN/Code/07_regressions.Rmd","inst_group","D:/Users/martensn/BRAIN_DRAIN/Code/06_finalize_data.Rmd;D:/Users/martensn/BRAIN_DRAIN/Code/08_data_generation.Rmd"
"D:/Users/martensn/BRAIN_DRAIN/Code/07_regressions.Rmd","regression","D:/Users/martensn/BRAIN_DRAIN/Code/06_finalize_data.Rmd"
"D:/Users/martensn/BRAIN_DRAIN/Code/08_data_generation.Rmd","cbsa","D:/Users/martensn/BRAIN_DRAIN/Code/00_crosswalks.Rmd"
"D:/Users/martensn/BRAIN_DRAIN/Code/08_data_generation.Rmd","cbsa_core","D:/Users/martensn/BRAIN_DRAIN/Code/04_li_ed_pos.Rmd"
"D:/Users/martensn/BRAIN_DRAIN/Code/08_data_generation.Rmd","cbsa_li_crosswalk","D:/Users/martensn/BRAIN_DRAIN/Code/00_crosswalks.Rmd"
"D:/Users/martensn/BRAIN_DRAIN/Code/08_data_generation.Rmd","cbsa_mode","D:/Users/martensn/BRAIN_DRAIN/Code/09b_plots_old.Rmd"
"D:/Users/martensn/BRAIN_DRAIN/Code/08_data_generation.Rmd","cohorts","D:/Users/martensn/BRAIN_DRAIN/Code/06_finalize_data.Rmd;D:/Users/martensn/BRAIN_DRAIN/Code/09_plots.Rmd"
"D:/Users/martensn/BRAIN_DRAIN/Code/08_data_generation.Rmd","col_state","D:/Users/martensn/BRAIN_DRAIN/Code/04_li_ed_pos.Rmd"
"D:/Users/martensn/BRAIN_DRAIN/Code/08_data_generation.Rmd","geos","D:/Users/martensn/BRAIN_DRAIN/Code/05_merge.Rmd;D:/Users/martensn/BRAIN_DRAIN/Code/06_finalize_data.Rmd;D:/Users/martensn/BRAIN_DRAIN/Code/07_regressions.Rmd;D:/Users/martensn/BRAIN_DRAIN/Code/09b_plots_old.Rmd;D:/Users/martensn/BRAIN_DRAIN/Code/09_plots.Rmd"
"D:/Users/martensn/BRAIN_DRAIN/Code/08_data_generation.Rmd","in_state","D:/Users/martensn/BRAIN_DRAIN/Code/07_regressions.Rmd"
"D:/Users/martensn/BRAIN_DRAIN/Code/08_data_generation.Rmd","instate","D:/Users/martensn/BRAIN_DRAIN/Code/09_plots.Rmd;D:/Users/martensn/BRAIN_DRAIN/Code/10_roi.Rmd;D:/Users/martensn/BRAIN_DRAIN/Code/a_hs_col_construct.R;D:/Users/martensn/BRAIN_DRAIN/Code/new/04_col_hs_construct.R"
"D:/Users/martensn/BRAIN_DRAIN/Code/08_data_generation.Rmd","microdata","D:/Users/martensn/BRAIN_DRAIN/Code/05_merge.Rmd;D:/Users/martensn/BRAIN_DRAIN/Code/06_finalize_data.Rmd;D:/Users/martensn/BRAIN_DRAIN/Code/09b_plots_old.Rmd;D:/Users/martensn/BRAIN_DRAIN/Code/10_roi.Rmd"
"D:/Users/martensn/BRAIN_DRAIN/Code/08_data_generation.Rmd","n","D:/Users/martensn/BRAIN_DRAIN/Code/07_regressions.Rmd;D:/Users/martensn/BRAIN_DRAIN/Code/b_embedding_test.R;D:/Users/martensn/BRAIN_DRAIN/Code/c_col_hs_classification.R;D:/Users/martensn/BRAIN_DRAIN/Code/new/02_embed.R;D:/Users/martensn/BRAIN_DRAIN/Code/new/02_embed_new.R"
"D:/Users/martensn/BRAIN_DRAIN/Code/08_data_generation.Rmd","num_bins","D:/Users/martensn/BRAIN_DRAIN/Code/06_finalize_data.Rmd;D:/Users/martensn/BRAIN_DRAIN/Code/07_regressions.Rmd;D:/Users/martensn/BRAIN_DRAIN/Code/09b_plots_old.Rmd;D:/Users/martensn/BRAIN_DRAIN/Code/09_plots.Rmd"
"D:/Users/martensn/BRAIN_DRAIN/Code/08_data_generation.Rmd","ope_unit_crosswalk","D:/Users/martensn/BRAIN_DRAIN/Code/00_crosswalks.Rmd"
"D:/Users/martensn/BRAIN_DRAIN/Code/08_data_generation.Rmd","origin","D:/Users/martensn/BRAIN_DRAIN/Code/new/06_census.R"
"D:/Users/martensn/BRAIN_DRAIN/Code/08_data_generation.Rmd","regression","D:/Users/martensn/BRAIN_DRAIN/Code/06_finalize_data.Rmd"
"D:/Users/martensn/BRAIN_DRAIN/Code/08_data_generation.Rmd","sample","D:/Users/martensn/BRAIN_DRAIN/Code/new/04_col_hs_construct.R"
"D:/Users/martensn/BRAIN_DRAIN/Code/08_data_generation.Rmd","specification","D:/Users/martensn/BRAIN_DRAIN/Code/06_finalize_data.Rmd;D:/Users/martensn/BRAIN_DRAIN/Code/07_regressions.Rmd;D:/Users/martensn/BRAIN_DRAIN/Code/09_plots.Rmd"
"D:/Users/martensn/BRAIN_DRAIN/Code/08_data_generation.Rmd","state","D:/Users/martensn/BRAIN_DRAIN/Code/09_plots.Rmd;D:/Users/martensn/BRAIN_DRAIN/Code/intercensal.R"
"D:/Users/martensn/BRAIN_DRAIN/Code/08_data_generation.Rmd","variable","D:/Users/martensn/BRAIN_DRAIN/Code/09_plots.Rmd;D:/Users/martensn/BRAIN_DRAIN/Code/intercensal.R"
"D:/Users/martensn/BRAIN_DRAIN/Code/08_data_generation.Rmd","year","D:/Users/martensn/BRAIN_DRAIN/Code/05_merge.Rmd"
"D:/Users/martensn/BRAIN_DRAIN/Code/09b_plots_old.Rmd","age","D:/Users/martensn/BRAIN_DRAIN/Code/09_plots.Rmd;D:/Users/martensn/BRAIN_DRAIN/Code/intercensal.R"
"D:/Users/martensn/BRAIN_DRAIN/Code/09b_plots_old.Rmd","avg_3","D:/Users/martensn/BRAIN_DRAIN/Code/01_shocks.Rmd"
"D:/Users/martensn/BRAIN_DRAIN/Code/09b_plots_old.Rmd","avg_5","D:/Users/martensn/BRAIN_DRAIN/Code/01_shocks.Rmd"
"D:/Users/martensn/BRAIN_DRAIN/Code/09b_plots_old.Rmd","avg_7","D:/Users/martensn/BRAIN_DRAIN/Code/01_shocks.Rmd"
"D:/Users/martensn/BRAIN_DRAIN/Code/09b_plots_old.Rmd","cbsa","D:/Users/martensn/BRAIN_DRAIN/Code/00_crosswalks.Rmd"
"D:/Users/martensn/BRAIN_DRAIN/Code/09b_plots_old.Rmd","cbsa_core","D:/Users/martensn/BRAIN_DRAIN/Code/04_li_ed_pos.Rmd"
"D:/Users/martensn/BRAIN_DRAIN/Code/09b_plots_old.Rmd","cbsa_li_crosswalk","D:/Users/martensn/BRAIN_DRAIN/Code/00_crosswalks.Rmd"
"D:/Users/martensn/BRAIN_DRAIN/Code/09b_plots_old.Rmd","cbsa_shock_ptile","D:/Users/martensn/BRAIN_DRAIN/Code/01_shocks.Rmd;D:/Users/martensn/BRAIN_DRAIN/Code/07_regressions.Rmd"
"D:/Users/martensn/BRAIN_DRAIN/Code/09b_plots_old.Rmd","geo","D:/Users/martensn/BRAIN_DRAIN/Code/05_merge.Rmd;D:/Users/martensn/BRAIN_DRAIN/Code/a_hs_col_construct.R;D:/Users/martensn/BRAIN_DRAIN/Code/new/00_alias_generation.R"
"D:/Users/martensn/BRAIN_DRAIN/Code/09b_plots_old.Rmd","in_state","D:/Users/martensn/BRAIN_DRAIN/Code/07_regressions.Rmd"
"D:/Users/martensn/BRAIN_DRAIN/Code/09b_plots_old.Rmd","inst_group","D:/Users/martensn/BRAIN_DRAIN/Code/06_finalize_data.Rmd;D:/Users/martensn/BRAIN_DRAIN/Code/08_data_generation.Rmd"
"D:/Users/martensn/BRAIN_DRAIN/Code/09b_plots_old.Rmd","institutional_characteristics","D:/Users/martensn/BRAIN_DRAIN/Code/02_col_chars.Rmd;D:/Users/martensn/BRAIN_DRAIN/Code/06_finalize_data.Rmd;D:/Users/martensn/BRAIN_DRAIN/Code/09_plots.Rmd;D:/Users/martensn/BRAIN_DRAIN/Code/10_roi.Rmd"
"D:/Users/martensn/BRAIN_DRAIN/Code/09b_plots_old.Rmd","map","D:/Users/martensn/BRAIN_DRAIN/Code/09_plots.Rmd"
"D:/Users/martensn/BRAIN_DRAIN/Code/09b_plots_old.Rmd","max_post_grad","D:/Users/martensn/BRAIN_DRAIN/Code/04_li_ed_pos.Rmd;D:/Users/martensn/BRAIN_DRAIN/Code/05_merge.Rmd"
"D:/Users/martensn/BRAIN_DRAIN/Code/09b_plots_old.Rmd","min_post_grad","D:/Users/martensn/BRAIN_DRAIN/Code/04_li_ed_pos.Rmd;D:/Users/martensn/BRAIN_DRAIN/Code/05_merge.Rmd"
"D:/Users/martensn/BRAIN_DRAIN/Code/09b_plots_old.Rmd","n","D:/Users/martensn/BRAIN_DRAIN/Code/07_regressions.Rmd;D:/Users/martensn/BRAIN_DRAIN/Code/b_embedding_test.R;D:/Users/martensn/BRAIN_DRAIN/Code/c_col_hs_classification.R;D:/Users/martensn/BRAIN_DRAIN/Code/new/02_embed.R;D:/Users/martensn/BRAIN_DRAIN/Code/new/02_embed_new.R"
"D:/Users/martensn/BRAIN_DRAIN/Code/09b_plots_old.Rmd","origin","D:/Users/martensn/BRAIN_DRAIN/Code/new/06_census.R"
"D:/Users/martensn/BRAIN_DRAIN/Code/09b_plots_old.Rmd","raw_microdata","D:/Users/martensn/BRAIN_DRAIN/Code/05_merge.Rmd"
"D:/Users/martensn/BRAIN_DRAIN/Code/09b_plots_old.Rmd","regression","D:/Users/martensn/BRAIN_DRAIN/Code/06_finalize_data.Rmd"
"D:/Users/martensn/BRAIN_DRAIN/Code/09b_plots_old.Rmd","roi","D:/Users/martensn/BRAIN_DRAIN/Code/10_roi.Rmd"
"D:/Users/martensn/BRAIN_DRAIN/Code/09b_plots_old.Rmd","specification","D:/Users/martensn/BRAIN_DRAIN/Code/06_finalize_data.Rmd;D:/Users/martensn/BRAIN_DRAIN/Code/07_regressions.Rmd;D:/Users/martensn/BRAIN_DRAIN/Code/09_plots.Rmd"
"D:/Users/martensn/BRAIN_DRAIN/Code/09b_plots_old.Rmd","state","D:/Users/martensn/BRAIN_DRAIN/Code/09_plots.Rmd;D:/Users/martensn/BRAIN_DRAIN/Code/intercensal.R"
"D:/Users/martensn/BRAIN_DRAIN/Code/09b_plots_old.Rmd","state_code","D:/Users/martensn/BRAIN_DRAIN/Code/09_plots.Rmd;D:/Users/martensn/BRAIN_DRAIN/Code/intercensal.R"
"D:/Users/martensn/BRAIN_DRAIN/Code/09b_plots_old.Rmd","total","D:/Users/martensn/BRAIN_DRAIN/Code/08_data_generation.Rmd"
"D:/Users/martensn/BRAIN_DRAIN/Code/09b_plots_old.Rmd","unified_cbsa","D:/Users/martensn/BRAIN_DRAIN/Code/00_crosswalks.Rmd"
"D:/Users/martensn/BRAIN_DRAIN/Code/09b_plots_old.Rmd","variable","D:/Users/martensn/BRAIN_DRAIN/Code/09_plots.Rmd;D:/Users/martensn/BRAIN_DRAIN/Code/intercensal.R"
"D:/Users/martensn/BRAIN_DRAIN/Code/09b_plots_old.Rmd","year","D:/Users/martensn/BRAIN_DRAIN/Code/05_merge.Rmd"
"D:/Users/martensn/BRAIN_DRAIN/Code/09_plots.Rmd","bin","D:/Users/martensn/BRAIN_DRAIN/Code/08_data_generation.Rmd;D:/Users/martensn/BRAIN_DRAIN/Code/09b_plots_old.Rmd"
"D:/Users/martensn/BRAIN_DRAIN/Code/09_plots.Rmd","birth_outliers","D:/Users/martensn/BRAIN_DRAIN/Code/05_merge.Rmd"
"D:/Users/martensn/BRAIN_DRAIN/Code/09_plots.Rmd","both_hs_col_length","D:/Users/martensn/BRAIN_DRAIN/Code/03_li_ed.Rmd"
"D:/Users/martensn/BRAIN_DRAIN/Code/09_plots.Rmd","cbsa","D:/Users/martensn/BRAIN_DRAIN/Code/00_crosswalks.Rmd"
"D:/Users/martensn/BRAIN_DRAIN/Code/09_plots.Rmd","cbsa_core","D:/Users/martensn/BRAIN_DRAIN/Code/04_li_ed_pos.Rmd"
"D:/Users/martensn/BRAIN_DRAIN/Code/09_plots.Rmd","cbsa_li_crosswalk","D:/Users/martensn/BRAIN_DRAIN/Code/00_crosswalks.Rmd"
"D:/Users/martensn/BRAIN_DRAIN/Code/09_plots.Rmd","col_coef","D:/Users/martensn/BRAIN_DRAIN/Code/07_regressions.Rmd"
"D:/Users/martensn/BRAIN_DRAIN/Code/09_plots.Rmd","col_grad_micro","D:/Users/martensn/BRAIN_DRAIN/Code/new/06_census.R"
"D:/Users/martensn/BRAIN_DRAIN/Code/09_plots.Rmd","col_users_length","D:/Users/martensn/BRAIN_DRAIN/Code/03_li_ed.Rmd"
"D:/Users/martensn/BRAIN_DRAIN/Code/09_plots.Rmd","col_var","D:/Users/martensn/BRAIN_DRAIN/Code/07_regressions.Rmd"
"D:/Users/martensn/BRAIN_DRAIN/Code/09_plots.Rmd","college_dne","D:/Users/martensn/BRAIN_DRAIN/Code/04_li_ed_pos.Rmd"
"D:/Users/martensn/BRAIN_DRAIN/Code/09_plots.Rmd","dep_var","D:/Users/martensn/BRAIN_DRAIN/Code/07_regressions.Rmd"
"D:/Users/martensn/BRAIN_DRAIN/Code/09_plots.Rmd","geo","D:/Users/martensn/BRAIN_DRAIN/Code/05_merge.Rmd;D:/Users/martensn/BRAIN_DRAIN/Code/a_hs_col_construct.R;D:/Users/martensn/BRAIN_DRAIN/Code/new/00_alias_generation.R"
"D:/Users/martensn/BRAIN_DRAIN/Code/09_plots.Rmd","hs_coef","D:/Users/martensn/BRAIN_DRAIN/Code/07_regressions.Rmd"
"D:/Users/martensn/BRAIN_DRAIN/Code/09_plots.Rmd","hs_var","D:/Users/martensn/BRAIN_DRAIN/Code/07_regressions.Rmd"
"D:/Users/martensn/BRAIN_DRAIN/Code/09_plots.Rmd","in_state","D:/Users/martensn/BRAIN_DRAIN/Code/07_regressions.Rmd"
"D:/Users/martensn/BRAIN_DRAIN/Code/09_plots.Rmd","inst_group","D:/Users/martensn/BRAIN_DRAIN/Code/06_finalize_data.Rmd;D:/Users/martensn/BRAIN_DRAIN/Code/08_data_generation.Rmd"
"D:/Users/martensn/BRAIN_DRAIN/Code/09_plots.Rmd","inst_name","D:/Users/martensn/BRAIN_DRAIN/Code/a_hs_col_construct.R;D:/Users/martensn/BRAIN_DRAIN/Code/new/00_alias_generation.R"
"D:/Users/martensn/BRAIN_DRAIN/Code/09_plots.Rmd","level","D:/Users/martensn/BRAIN_DRAIN/Code/05_merge.Rmd"
"D:/Users/martensn/BRAIN_DRAIN/Code/09_plots.Rmd","model","D:/Users/martensn/BRAIN_DRAIN/Code/07_regressions.Rmd;D:/Users/martensn/BRAIN_DRAIN/Code/08_data_generation.Rmd;D:/Users/martensn/BRAIN_DRAIN/Code/b_embedding_test.R;D:/Users/martensn/BRAIN_DRAIN/Code/c_col_hs_classification.R;D:/Users/martensn/BRAIN_DRAIN/Code/new/02_embed.R;D:/Users/martensn/BRAIN_DRAIN/Code/new/02_embed_new.R;D:/Users/martensn/BRAIN_DRAIN/Code/new/04_col_hs_construct.R"
"D:/Users/martensn/BRAIN_DRAIN/Code/09_plots.Rmd","n","D:/Users/martensn/BRAIN_DRAIN/Code/07_regressions.Rmd;D:/Users/martensn/BRAIN_DRAIN/Code/b_embedding_test.R;D:/Users/martensn/BRAIN_DRAIN/Code/c_col_hs_classification.R;D:/Users/martensn/BRAIN_DRAIN/Code/new/02_embed.R;D:/Users/martensn/BRAIN_DRAIN/Code/new/02_embed_new.R"
"D:/Users/martensn/BRAIN_DRAIN/Code/09_plots.Rmd","no_work_date","D:/Users/martensn/BRAIN_DRAIN/Code/04_li_ed_pos.Rmd"
"D:/Users/martensn/BRAIN_DRAIN/Code/09_plots.Rmd","no_work_hist","D:/Users/martensn/BRAIN_DRAIN/Code/04_li_ed_pos.Rmd"
"D:/Users/martensn/BRAIN_DRAIN/Code/09_plots.Rmd","no_work_location","D:/Users/martensn/BRAIN_DRAIN/Code/04_li_ed_pos.Rmd"
"D:/Users/martensn/BRAIN_DRAIN/Code/09_plots.Rmd","non_chronological_work","D:/Users/martensn/BRAIN_DRAIN/Code/04_li_ed_pos.Rmd"
"D:/Users/martensn/BRAIN_DRAIN/Code/09_plots.Rmd","norm","D:/Users/martensn/BRAIN_DRAIN/Code/06_finalize_data.Rmd;D:/Users/martensn/BRAIN_DRAIN/Code/07_regressions.Rmd"
"D:/Users/martensn/BRAIN_DRAIN/Code/09_plots.Rmd","raw_deg_award","D:/Users/martensn/BRAIN_DRAIN/Code/02_col_chars.Rmd;D:/Users/martensn/BRAIN_DRAIN/Code/10_roi.Rmd;D:/Users/martensn/BRAIN_DRAIN/Code/a_hs_col_construct.R;D:/Users/martensn/BRAIN_DRAIN/Code/new/00_alias_generation.R;D:/Users/martensn/BRAIN_DRAIN/Code/new/06_census.R"
"D:/Users/martensn/BRAIN_DRAIN/Code/09_plots.Rmd","regression","D:/Users/martensn/BRAIN_DRAIN/Code/06_finalize_data.Rmd"
"D:/Users/martensn/BRAIN_DRAIN/Code/09_plots.Rmd","sample","D:/Users/martensn/BRAIN_DRAIN/Code/new/04_col_hs_construct.R"
"D:/Users/martensn/BRAIN_DRAIN/Code/09_plots.Rmd","shr_bus","D:/Users/martensn/BRAIN_DRAIN/Code/06_finalize_data.Rmd"
"D:/Users/martensn/BRAIN_DRAIN/Code/09_plots.Rmd","shr_eng","D:/Users/martensn/BRAIN_DRAIN/Code/06_finalize_data.Rmd"
"D:/Users/martensn/BRAIN_DRAIN/Code/09_plots.Rmd","stage","D:/Users/martensn/BRAIN_DRAIN/Code/06_finalize_data.Rmd;D:/Users/martensn/BRAIN_DRAIN/Code/07_regressions.Rmd"
"D:/Users/martensn/BRAIN_DRAIN/Code/09_plots.Rmd","state_region_crosswalk","D:/Users/martensn/BRAIN_DRAIN/Code/02_col_chars.Rmd;D:/Users/martensn/BRAIN_DRAIN/Code/06_finalize_data.Rmd;D:/Users/martensn/BRAIN_DRAIN/Code/new/05_demographics.R"
"D:/Users/martensn/BRAIN_DRAIN/Code/09_plots.Rmd","territory_hs_col","D:/Users/martensn/BRAIN_DRAIN/Code/05_merge.Rmd"
"D:/Users/martensn/BRAIN_DRAIN/Code/09_plots.Rmd","total","D:/Users/martensn/BRAIN_DRAIN/Code/08_data_generation.Rmd"
"D:/Users/martensn/BRAIN_DRAIN/Code/09_plots.Rmd","unified_cbsa","D:/Users/martensn/BRAIN_DRAIN/Code/00_crosswalks.Rmd"
"D:/Users/martensn/BRAIN_DRAIN/Code/09_plots.Rmd","year","D:/Users/martensn/BRAIN_DRAIN/Code/05_merge.Rmd"
"D:/Users/martensn/BRAIN_DRAIN/Code/10_roi.Rmd","col_state","D:/Users/martensn/BRAIN_DRAIN/Code/04_li_ed_pos.Rmd"
"D:/Users/martensn/BRAIN_DRAIN/Code/10_roi.Rmd","fips","D:/Users/martensn/BRAIN_DRAIN/Code/09_plots.Rmd;D:/Users/martensn/BRAIN_DRAIN/Code/intercensal.R"
"D:/Users/martensn/BRAIN_DRAIN/Code/10_roi.Rmd","in_state","D:/Users/martensn/BRAIN_DRAIN/Code/07_regressions.Rmd"
"D:/Users/martensn/BRAIN_DRAIN/Code/10_roi.Rmd","inst_group","D:/Users/martensn/BRAIN_DRAIN/Code/06_finalize_data.Rmd;D:/Users/martensn/BRAIN_DRAIN/Code/08_data_generation.Rmd"
"D:/Users/martensn/BRAIN_DRAIN/Code/10_roi.Rmd","inst_name","D:/Users/martensn/BRAIN_DRAIN/Code/a_hs_col_construct.R;D:/Users/martensn/BRAIN_DRAIN/Code/new/00_alias_generation.R"
"D:/Users/martensn/BRAIN_DRAIN/Code/10_roi.Rmd","institution_crosswalk","D:/Users/martensn/BRAIN_DRAIN/Code/00_crosswalks.Rmd"
"D:/Users/martensn/BRAIN_DRAIN/Code/10_roi.Rmd","total","D:/Users/martensn/BRAIN_DRAIN/Code/08_data_generation.Rmd"
"D:/Users/martensn/BRAIN_DRAIN/Code/10_roi.Rmd","unified_cbsa","D:/Users/martensn/BRAIN_DRAIN/Code/00_crosswalks.Rmd"
"D:/Users/martensn/BRAIN_DRAIN/Code/10_roi.Rmd","year","D:/Users/martensn/BRAIN_DRAIN/Code/05_merge.Rmd"
"D:/Users/martensn/BRAIN_DRAIN/Code/a_hs_col_construct.R","col_name","D:/Users/martensn/BRAIN_DRAIN/Code/05_merge.Rmd"
"D:/Users/martensn/BRAIN_DRAIN/Code/a_hs_col_construct.R","col_state","D:/Users/martensn/BRAIN_DRAIN/Code/04_li_ed_pos.Rmd"
"D:/Users/martensn/BRAIN_DRAIN/Code/a_hs_col_construct.R","deg_awarded","D:/Users/martensn/BRAIN_DRAIN/Code/09_plots.Rmd"
"D:/Users/martensn/BRAIN_DRAIN/Code/a_hs_col_construct.R","end_year","D:/Users/martensn/BRAIN_DRAIN/Code/09_plots.Rmd"
"D:/Users/martensn/BRAIN_DRAIN/Code/a_hs_col_construct.R","in_state","D:/Users/martensn/BRAIN_DRAIN/Code/07_regressions.Rmd"
"D:/Users/martensn/BRAIN_DRAIN/Code/a_hs_col_construct.R","n","D:/Users/martensn/BRAIN_DRAIN/Code/07_regressions.Rmd;D:/Users/martensn/BRAIN_DRAIN/Code/b_embedding_test.R;D:/Users/martensn/BRAIN_DRAIN/Code/c_col_hs_classification.R;D:/Users/martensn/BRAIN_DRAIN/Code/new/02_embed.R;D:/Users/martensn/BRAIN_DRAIN/Code/new/02_embed_new.R"
"D:/Users/martensn/BRAIN_DRAIN/Code/a_hs_col_construct.R","start_year","D:/Users/martensn/BRAIN_DRAIN/Code/09_plots.Rmd"
"D:/Users/martensn/BRAIN_DRAIN/Code/a_hs_col_construct.R","state","D:/Users/martensn/BRAIN_DRAIN/Code/09_plots.Rmd;D:/Users/martensn/BRAIN_DRAIN/Code/intercensal.R"
"D:/Users/martensn/BRAIN_DRAIN/Code/a_hs_col_construct.R","state_code","D:/Users/martensn/BRAIN_DRAIN/Code/09_plots.Rmd;D:/Users/martensn/BRAIN_DRAIN/Code/intercensal.R"
"D:/Users/martensn/BRAIN_DRAIN/Code/a_hs_col_construct.R","variable","D:/Users/martensn/BRAIN_DRAIN/Code/09_plots.Rmd;D:/Users/martensn/BRAIN_DRAIN/Code/intercensal.R"
"D:/Users/martensn/BRAIN_DRAIN/Code/a_hs_col_construct.R","year","D:/Users/martensn/BRAIN_DRAIN/Code/05_merge.Rmd"
"D:/Users/martensn/BRAIN_DRAIN/Code/b_embedding_test.R","alias","D:/Users/martensn/BRAIN_DRAIN/Code/a_hs_col_construct.R;D:/Users/martensn/BRAIN_DRAIN/Code/new/00_alias_generation.R"
"D:/Users/martensn/BRAIN_DRAIN/Code/b_embedding_test.R","classify_ed_string","D:/Users/martensn/BRAIN_DRAIN/Code/c_col_hs_classification.R;D:/Users/martensn/BRAIN_DRAIN/Code/demo.R;D:/Users/martensn/BRAIN_DRAIN/Code/new/01_col_hs_crosswalk.R;D:/Users/martensn/BRAIN_DRAIN/Code/new/02_embed_new.R"
"D:/Users/martensn/BRAIN_DRAIN/Code/b_embedding_test.R","input","D:/Users/martensn/BRAIN_DRAIN/Code/demo.R;D:/Users/martensn/BRAIN_DRAIN/Code/new/01_col_hs_crosswalk.R"
"D:/Users/martensn/BRAIN_DRAIN/Code/cohort.R","bkgrnd","D:/Users/martensn/BRAIN_DRAIN/Code/09b_plots_old.Rmd;D:/Users/martensn/BRAIN_DRAIN/Code/09_plots.Rmd"
"D:/Users/martensn/BRAIN_DRAIN/Code/cohort.R","directory","D:/Users/martensn/BRAIN_DRAIN/Code/00_crosswalks.Rmd;D:/Users/martensn/BRAIN_DRAIN/Code/01_shocks.Rmd;D:/Users/martensn/BRAIN_DRAIN/Code/02_col_chars.Rmd;D:/Users/martensn/BRAIN_DRAIN/Code/02_hs_chars.Rmd;D:/Users/martensn/BRAIN_DRAIN/Code/03_li_ed.Rmd;D:/Users/martensn/BRAIN_DRAIN/Code/04_li_ed_pos.Rmd;D:/Users/martensn/BRAIN_DRAIN/Code/05_merge.Rmd;D:/Users/martensn/BRAIN_DRAIN/Code/06_finalize_data.Rmd;D:/Users/martensn/BRAIN_DRAIN/Code/07_regressions.Rmd;D:/Users/martensn/BRAIN_DRAIN/Code/08_data_generation.Rmd;D:/Users/martensn/BRAIN_DRAIN/Code/09b_plots_old.Rmd;D:/Users/martensn/BRAIN_DRAIN/Code/09_plots.Rmd;D:/Users/martensn/BRAIN_DRAIN/Code/10_roi.Rmd;D:/Users/martensn/BRAIN_DRAIN/Code/a_hs_col_construct.R;D:/Users/martensn/BRAIN_DRAIN/Code/b_embedding_test.R;D:/Users/martensn/BRAIN_DRAIN/Code/c_col_hs_classification.R;D:/Users/martensn/BRAIN_DRAIN/Code/demo.R;D:/Users/martensn/BRAIN_DRAIN/Code/d_sample_construction.R;D:/Users/martensn/BRAIN_DRAIN/Code/e_detect_mismatches.R;D:/Users/martensn/BRAIN_DRAIN/Code/yagan.R;D:/Users/martensn/BRAIN_DRAIN/Code/new/00_alias_generation.R;D:/Users/martensn/BRAIN_DRAIN/Code/new/01_col_hs_crosswalk.R;D:/Users/martensn/BRAIN_DRAIN/Code/new/02_embed.R;D:/Users/martensn/BRAIN_DRAIN/Code/new/02_embed_new.R;D:/Users/martensn/BRAIN_DRAIN/Code/new/03_crosswalk_val.R;D:/Users/martensn/BRAIN_DRAIN/Code/new/04_col_hs_construct.R;D:/Users/martensn/BRAIN_DRAIN/Code/new/05_demographics.R;D:/Users/martensn/BRAIN_DRAIN/Code/new/06_census.R"
"D:/Users/martensn/BRAIN_DRAIN/Code/cohort.R","dpi","D:/Users/martensn/BRAIN_DRAIN/Code/09b_plots_old.Rmd;D:/Users/martensn/BRAIN_DRAIN/Code/09_plots.Rmd"
"D:/Users/martensn/BRAIN_DRAIN/Code/cohort.R","hei","D:/Users/martensn/BRAIN_DRAIN/Code/09b_plots_old.Rmd;D:/Users/martensn/BRAIN_DRAIN/Code/09_plots.Rmd"
"D:/Users/martensn/BRAIN_DRAIN/Code/cohort.R","unit","D:/Users/martensn/BRAIN_DRAIN/Code/09b_plots_old.Rmd;D:/Users/martensn/BRAIN_DRAIN/Code/09_plots.Rmd"
"D:/Users/martensn/BRAIN_DRAIN/Code/cohort.R","wid","D:/Users/martensn/BRAIN_DRAIN/Code/09b_plots_old.Rmd;D:/Users/martensn/BRAIN_DRAIN/Code/09_plots.Rmd"
"D:/Users/martensn/BRAIN_DRAIN/Code/c_col_hs_classification.R","alias","D:/Users/martensn/BRAIN_DRAIN/Code/a_hs_col_construct.R;D:/Users/martensn/BRAIN_DRAIN/Code/new/00_alias_generation.R"
"D:/Users/martensn/BRAIN_DRAIN/Code/demo.R","alias","D:/Users/martensn/BRAIN_DRAIN/Code/a_hs_col_construct.R;D:/Users/martensn/BRAIN_DRAIN/Code/new/00_alias_generation.R"
"D:/Users/martensn/BRAIN_DRAIN/Code/d_sample_construction.R","col_name","D:/Users/martensn/BRAIN_DRAIN/Code/05_merge.Rmd"
"D:/Users/martensn/BRAIN_DRAIN/Code/d_sample_construction.R","coverage","D:/Users/martensn/BRAIN_DRAIN/Code/10_roi.Rmd"
"D:/Users/martensn/BRAIN_DRAIN/Code/d_sample_construction.R","deg_awarded","D:/Users/martensn/BRAIN_DRAIN/Code/09_plots.Rmd"
"D:/Users/martensn/BRAIN_DRAIN/Code/e_detect_mismatches.R","cbsa_name","D:/Users/martensn/BRAIN_DRAIN/Code/09b_plots_old.Rmd"
"D:/Users/martensn/BRAIN_DRAIN/Code/e_detect_mismatches.R","col_name","D:/Users/martensn/BRAIN_DRAIN/Code/05_merge.Rmd"
"D:/Users/martensn/BRAIN_DRAIN/Code/e_detect_mismatches.R","unified_cbsa_name","D:/Users/martensn/BRAIN_DRAIN/Code/00_crosswalks.Rmd"
"D:/Users/martensn/BRAIN_DRAIN/Code/e_scrape.R","alias","D:/Users/martensn/BRAIN_DRAIN/Code/a_hs_col_construct.R;D:/Users/martensn/BRAIN_DRAIN/Code/new/00_alias_generation.R"
"D:/Users/martensn/BRAIN_DRAIN/Code/e_scrape.R","col_alias","D:/Users/martensn/BRAIN_DRAIN/Code/b_embedding_test.R;D:/Users/martensn/BRAIN_DRAIN/Code/c_col_hs_classification.R;D:/Users/martensn/BRAIN_DRAIN/Code/demo.R;D:/Users/martensn/BRAIN_DRAIN/Code/new/01_col_hs_crosswalk.R;D:/Users/martensn/BRAIN_DRAIN/Code/new/02_embed.R;D:/Users/martensn/BRAIN_DRAIN/Code/new/02_embed_new.R"
"D:/Users/martensn/BRAIN_DRAIN/Code/e_scrape.R","directory","D:/Users/martensn/BRAIN_DRAIN/Code/00_crosswalks.Rmd;D:/Users/martensn/BRAIN_DRAIN/Code/01_shocks.Rmd;D:/Users/martensn/BRAIN_DRAIN/Code/02_col_chars.Rmd;D:/Users/martensn/BRAIN_DRAIN/Code/02_hs_chars.Rmd;D:/Users/martensn/BRAIN_DRAIN/Code/03_li_ed.Rmd;D:/Users/martensn/BRAIN_DRAIN/Code/04_li_ed_pos.Rmd;D:/Users/martensn/BRAIN_DRAIN/Code/05_merge.Rmd;D:/Users/martensn/BRAIN_DRAIN/Code/06_finalize_data.Rmd;D:/Users/martensn/BRAIN_DRAIN/Code/07_regressions.Rmd;D:/Users/martensn/BRAIN_DRAIN/Code/08_data_generation.Rmd;D:/Users/martensn/BRAIN_DRAIN/Code/09b_plots_old.Rmd;D:/Users/martensn/BRAIN_DRAIN/Code/09_plots.Rmd;D:/Users/martensn/BRAIN_DRAIN/Code/10_roi.Rmd;D:/Users/martensn/BRAIN_DRAIN/Code/a_hs_col_construct.R;D:/Users/martensn/BRAIN_DRAIN/Code/b_embedding_test.R;D:/Users/martensn/BRAIN_DRAIN/Code/c_col_hs_classification.R;D:/Users/martensn/BRAIN_DRAIN/Code/demo.R;D:/Users/martensn/BRAIN_DRAIN/Code/d_sample_construction.R;D:/Users/martensn/BRAIN_DRAIN/Code/e_detect_mismatches.R;D:/Users/martensn/BRAIN_DRAIN/Code/yagan.R;D:/Users/martensn/BRAIN_DRAIN/Code/new/00_alias_generation.R;D:/Users/martensn/BRAIN_DRAIN/Code/new/01_col_hs_crosswalk.R;D:/Users/martensn/BRAIN_DRAIN/Code/new/02_embed.R;D:/Users/martensn/BRAIN_DRAIN/Code/new/02_embed_new.R;D:/Users/martensn/BRAIN_DRAIN/Code/new/03_crosswalk_val.R;D:/Users/martensn/BRAIN_DRAIN/Code/new/04_col_hs_construct.R;D:/Users/martensn/BRAIN_DRAIN/Code/new/05_demographics.R;D:/Users/martensn/BRAIN_DRAIN/Code/new/06_census.R"
"D:/Users/martensn/BRAIN_DRAIN/Code/intercensal.R","directory","D:/Users/martensn/BRAIN_DRAIN/Code/00_crosswalks.Rmd;D:/Users/martensn/BRAIN_DRAIN/Code/01_shocks.Rmd;D:/Users/martensn/BRAIN_DRAIN/Code/02_col_chars.Rmd;D:/Users/martensn/BRAIN_DRAIN/Code/02_hs_chars.Rmd;D:/Users/martensn/BRAIN_DRAIN/Code/03_li_ed.Rmd;D:/Users/martensn/BRAIN_DRAIN/Code/04_li_ed_pos.Rmd;D:/Users/martensn/BRAIN_DRAIN/Code/05_merge.Rmd;D:/Users/martensn/BRAIN_DRAIN/Code/06_finalize_data.Rmd;D:/Users/martensn/BRAIN_DRAIN/Code/07_regressions.Rmd;D:/Users/martensn/BRAIN_DRAIN/Code/08_data_generation.Rmd;D:/Users/martensn/BRAIN_DRAIN/Code/09b_plots_old.Rmd;D:/Users/martensn/BRAIN_DRAIN/Code/09_plots.Rmd;D:/Users/martensn/BRAIN_DRAIN/Code/10_roi.Rmd;D:/Users/martensn/BRAIN_DRAIN/Code/a_hs_col_construct.R;D:/Users/martensn/BRAIN_DRAIN/Code/b_embedding_test.R;D:/Users/martensn/BRAIN_DRAIN/Code/c_col_hs_classification.R;D:/Users/martensn/BRAIN_DRAIN/Code/demo.R;D:/Users/martensn/BRAIN_DRAIN/Code/d_sample_construction.R;D:/Users/martensn/BRAIN_DRAIN/Code/e_detect_mismatches.R;D:/Users/martensn/BRAIN_DRAIN/Code/yagan.R;D:/Users/martensn/BRAIN_DRAIN/Code/new/00_alias_generation.R;D:/Users/martensn/BRAIN_DRAIN/Code/new/01_col_hs_crosswalk.R;D:/Users/martensn/BRAIN_DRAIN/Code/new/02_embed.R;D:/Users/martensn/BRAIN_DRAIN/Code/new/02_embed_new.R;D:/Users/martensn/BRAIN_DRAIN/Code/new/03_crosswalk_val.R;D:/Users/martensn/BRAIN_DRAIN/Code/new/04_col_hs_construct.R;D:/Users/martensn/BRAIN_DRAIN/Code/new/05_demographics.R;D:/Users/martensn/BRAIN_DRAIN/Code/new/06_census.R"
"D:/Users/martensn/BRAIN_DRAIN/Code/intercensal.R","unified_cbsa","D:/Users/martensn/BRAIN_DRAIN/Code/00_crosswalks.Rmd"
"D:/Users/martensn/BRAIN_DRAIN/Code/intercensal.R","year","D:/Users/martensn/BRAIN_DRAIN/Code/05_merge.Rmd"
"D:/Users/martensn/BRAIN_DRAIN/Code/yagan.R","bin","D:/Users/martensn/BRAIN_DRAIN/Code/08_data_generation.Rmd;D:/Users/martensn/BRAIN_DRAIN/Code/09b_plots_old.Rmd"
"D:/Users/martensn/BRAIN_DRAIN/Code/yagan.R","bkgrnd","D:/Users/martensn/BRAIN_DRAIN/Code/09b_plots_old.Rmd;D:/Users/martensn/BRAIN_DRAIN/Code/09_plots.Rmd"
"D:/Users/martensn/BRAIN_DRAIN/Code/yagan.R","cbsa","D:/Users/martensn/BRAIN_DRAIN/Code/00_crosswalks.Rmd"
"D:/Users/martensn/BRAIN_DRAIN/Code/yagan.R","data","D:/Users/martensn/BRAIN_DRAIN/Code/06_finalize_data.Rmd;D:/Users/martensn/BRAIN_DRAIN/Code/07_regressions.Rmd;D:/Users/martensn/BRAIN_DRAIN/Code/08_data_generation.Rmd;D:/Users/martensn/BRAIN_DRAIN/Code/09_plots.Rmd;D:/Users/martensn/BRAIN_DRAIN/Code/measure_return.R"
"D:/Users/martensn/BRAIN_DRAIN/Code/yagan.R","dpi","D:/Users/martensn/BRAIN_DRAIN/Code/09b_plots_old.Rmd;D:/Users/martensn/BRAIN_DRAIN/Code/09_plots.Rmd"
"D:/Users/martensn/BRAIN_DRAIN/Code/yagan.R","hei","D:/Users/martensn/BRAIN_DRAIN/Code/09b_plots_old.Rmd;D:/Users/martensn/BRAIN_DRAIN/Code/09_plots.Rmd"
"D:/Users/martensn/BRAIN_DRAIN/Code/yagan.R","model","D:/Users/martensn/BRAIN_DRAIN/Code/07_regressions.Rmd;D:/Users/martensn/BRAIN_DRAIN/Code/08_data_generation.Rmd;D:/Users/martensn/BRAIN_DRAIN/Code/b_embedding_test.R;D:/Users/martensn/BRAIN_DRAIN/Code/c_col_hs_classification.R;D:/Users/martensn/BRAIN_DRAIN/Code/new/02_embed.R;D:/Users/martensn/BRAIN_DRAIN/Code/new/02_embed_new.R;D:/Users/martensn/BRAIN_DRAIN/Code/new/04_col_hs_construct.R"
"D:/Users/martensn/BRAIN_DRAIN/Code/yagan.R","regression","D:/Users/martensn/BRAIN_DRAIN/Code/06_finalize_data.Rmd"
"D:/Users/martensn/BRAIN_DRAIN/Code/yagan.R","unit","D:/Users/martensn/BRAIN_DRAIN/Code/09b_plots_old.Rmd;D:/Users/martensn/BRAIN_DRAIN/Code/09_plots.Rmd"
"D:/Users/martensn/BRAIN_DRAIN/Code/yagan.R","wid","D:/Users/martensn/BRAIN_DRAIN/Code/09b_plots_old.Rmd;D:/Users/martensn/BRAIN_DRAIN/Code/09_plots.Rmd"
"D:/Users/martensn/BRAIN_DRAIN/Code/yagan.R","year","D:/Users/martensn/BRAIN_DRAIN/Code/05_merge.Rmd"
"D:/Users/martensn/BRAIN_DRAIN/Code/new/00_alias_generation.R","col_state","D:/Users/martensn/BRAIN_DRAIN/Code/04_li_ed_pos.Rmd"
"D:/Users/martensn/BRAIN_DRAIN/Code/new/00_alias_generation.R","data_dir","D:/Users/martensn/BRAIN_DRAIN/Code/demo.R;D:/Users/martensn/BRAIN_DRAIN/Code/new/01_col_hs_crosswalk.R;D:/Users/martensn/BRAIN_DRAIN/Code/new/02_embed.R;D:/Users/martensn/BRAIN_DRAIN/Code/new/03_crosswalk_val.R;D:/Users/martensn/BRAIN_DRAIN/Code/new/04_col_hs_construct.R;D:/Users/martensn/BRAIN_DRAIN/Code/new/05_demographics.R;D:/Users/martensn/BRAIN_DRAIN/Code/new/06_census.R"
"D:/Users/martensn/BRAIN_DRAIN/Code/new/00_alias_generation.R","deg_awarded","D:/Users/martensn/BRAIN_DRAIN/Code/09_plots.Rmd"
"D:/Users/martensn/BRAIN_DRAIN/Code/new/00_alias_generation.R","end_year","D:/Users/martensn/BRAIN_DRAIN/Code/09_plots.Rmd"
"D:/Users/martensn/BRAIN_DRAIN/Code/new/00_alias_generation.R","n","D:/Users/martensn/BRAIN_DRAIN/Code/07_regressions.Rmd;D:/Users/martensn/BRAIN_DRAIN/Code/b_embedding_test.R;D:/Users/martensn/BRAIN_DRAIN/Code/c_col_hs_classification.R;D:/Users/martensn/BRAIN_DRAIN/Code/new/02_embed.R;D:/Users/martensn/BRAIN_DRAIN/Code/new/02_embed_new.R"
"D:/Users/martensn/BRAIN_DRAIN/Code/new/00_alias_generation.R","start_year","D:/Users/martensn/BRAIN_DRAIN/Code/09_plots.Rmd"
"D:/Users/martensn/BRAIN_DRAIN/Code/new/00_alias_generation.R","state","D:/Users/martensn/BRAIN_DRAIN/Code/09_plots.Rmd;D:/Users/martensn/BRAIN_DRAIN/Code/intercensal.R"
"D:/Users/martensn/BRAIN_DRAIN/Code/new/00_alias_generation.R","state_code","D:/Users/martensn/BRAIN_DRAIN/Code/09_plots.Rmd;D:/Users/martensn/BRAIN_DRAIN/Code/intercensal.R"
"D:/Users/martensn/BRAIN_DRAIN/Code/new/00_alias_generation.R","variable","D:/Users/martensn/BRAIN_DRAIN/Code/09_plots.Rmd;D:/Users/martensn/BRAIN_DRAIN/Code/intercensal.R"
"D:/Users/martensn/BRAIN_DRAIN/Code/new/00_alias_generation.R","year","D:/Users/martensn/BRAIN_DRAIN/Code/05_merge.Rmd"
"D:/Users/martensn/BRAIN_DRAIN/Code/new/01_col_hs_crosswalk.R","alias","D:/Users/martensn/BRAIN_DRAIN/Code/a_hs_col_construct.R;D:/Users/martensn/BRAIN_DRAIN/Code/new/00_alias_generation.R"
"D:/Users/martensn/BRAIN_DRAIN/Code/new/02_embed.R","alias","D:/Users/martensn/BRAIN_DRAIN/Code/a_hs_col_construct.R;D:/Users/martensn/BRAIN_DRAIN/Code/new/00_alias_generation.R"
"D:/Users/martensn/BRAIN_DRAIN/Code/new/02_embed.R","state","D:/Users/martensn/BRAIN_DRAIN/Code/09_plots.Rmd;D:/Users/martensn/BRAIN_DRAIN/Code/intercensal.R"
"D:/Users/martensn/BRAIN_DRAIN/Code/new/02_embed.R","state_code","D:/Users/martensn/BRAIN_DRAIN/Code/09_plots.Rmd;D:/Users/martensn/BRAIN_DRAIN/Code/intercensal.R"
"D:/Users/martensn/BRAIN_DRAIN/Code/new/02_embed_new.R","alias","D:/Users/martensn/BRAIN_DRAIN/Code/a_hs_col_construct.R;D:/Users/martensn/BRAIN_DRAIN/Code/new/00_alias_generation.R"
"D:/Users/martensn/BRAIN_DRAIN/Code/new/02_embed_new.R","inst_name","D:/Users/martensn/BRAIN_DRAIN/Code/a_hs_col_construct.R;D:/Users/martensn/BRAIN_DRAIN/Code/new/00_alias_generation.R"
"D:/Users/martensn/BRAIN_DRAIN/Code/new/02_embed_new.R","total","D:/Users/martensn/BRAIN_DRAIN/Code/08_data_generation.Rmd"
"D:/Users/martensn/BRAIN_DRAIN/Code/new/03_crosswalk_val.R","city","D:/Users/martensn/BRAIN_DRAIN/Code/a_hs_col_construct.R;D:/Users/martensn/BRAIN_DRAIN/Code/new/00_alias_generation.R"
"D:/Users/martensn/BRAIN_DRAIN/Code/new/03_crosswalk_val.R","coverage","D:/Users/martensn/BRAIN_DRAIN/Code/10_roi.Rmd"
"D:/Users/martensn/BRAIN_DRAIN/Code/new/03_crosswalk_val.R","deg_awarded","D:/Users/martensn/BRAIN_DRAIN/Code/09_plots.Rmd"
"D:/Users/martensn/BRAIN_DRAIN/Code/new/03_crosswalk_val.R","inst_name","D:/Users/martensn/BRAIN_DRAIN/Code/a_hs_col_construct.R;D:/Users/martensn/BRAIN_DRAIN/Code/new/00_alias_generation.R"
"D:/Users/martensn/BRAIN_DRAIN/Code/new/03_crosswalk_val.R","n","D:/Users/martensn/BRAIN_DRAIN/Code/07_regressions.Rmd;D:/Users/martensn/BRAIN_DRAIN/Code/b_embedding_test.R;D:/Users/martensn/BRAIN_DRAIN/Code/c_col_hs_classification.R;D:/Users/martensn/BRAIN_DRAIN/Code/new/02_embed.R;D:/Users/martensn/BRAIN_DRAIN/Code/new/02_embed_new.R"
"D:/Users/martensn/BRAIN_DRAIN/Code/new/04_col_hs_construct.R","col_state","D:/Users/martensn/BRAIN_DRAIN/Code/04_li_ed_pos.Rmd"
"D:/Users/martensn/BRAIN_DRAIN/Code/new/04_col_hs_construct.R","col_string","D:/Users/martensn/BRAIN_DRAIN/Code/a_hs_col_construct.R"
"D:/Users/martensn/BRAIN_DRAIN/Code/new/04_col_hs_construct.R","fips","D:/Users/martensn/BRAIN_DRAIN/Code/09_plots.Rmd;D:/Users/martensn/BRAIN_DRAIN/Code/intercensal.R"
"D:/Users/martensn/BRAIN_DRAIN/Code/new/04_col_hs_construct.R","hs_string","D:/Users/martensn/BRAIN_DRAIN/Code/a_hs_col_construct.R"
"D:/Users/martensn/BRAIN_DRAIN/Code/new/04_col_hs_construct.R","in_state","D:/Users/martensn/BRAIN_DRAIN/Code/07_regressions.Rmd"
"D:/Users/martensn/BRAIN_DRAIN/Code/new/04_col_hs_construct.R","inst_name","D:/Users/martensn/BRAIN_DRAIN/Code/a_hs_col_construct.R;D:/Users/martensn/BRAIN_DRAIN/Code/new/00_alias_generation.R"
"D:/Users/martensn/BRAIN_DRAIN/Code/new/04_col_hs_construct.R","level","D:/Users/martensn/BRAIN_DRAIN/Code/05_merge.Rmd"
"D:/Users/martensn/BRAIN_DRAIN/Code/new/04_col_hs_construct.R","n","D:/Users/martensn/BRAIN_DRAIN/Code/07_regressions.Rmd;D:/Users/martensn/BRAIN_DRAIN/Code/b_embedding_test.R;D:/Users/martensn/BRAIN_DRAIN/Code/c_col_hs_classification.R;D:/Users/martensn/BRAIN_DRAIN/Code/new/02_embed.R;D:/Users/martensn/BRAIN_DRAIN/Code/new/02_embed_new.R"
"D:/Users/martensn/BRAIN_DRAIN/Code/new/04_col_hs_construct.R","year","D:/Users/martensn/BRAIN_DRAIN/Code/05_merge.Rmd"
"D:/Users/martensn/BRAIN_DRAIN/Code/new/05_demographics.R","variable","D:/Users/martensn/BRAIN_DRAIN/Code/09_plots.Rmd;D:/Users/martensn/BRAIN_DRAIN/Code/intercensal.R"
"D:/Users/martensn/BRAIN_DRAIN/Code/new/06_census.R","age","D:/Users/martensn/BRAIN_DRAIN/Code/09_plots.Rmd;D:/Users/martensn/BRAIN_DRAIN/Code/intercensal.R"
"D:/Users/martensn/BRAIN_DRAIN/Code/new/06_census.R","fips","D:/Users/martensn/BRAIN_DRAIN/Code/09_plots.Rmd;D:/Users/martensn/BRAIN_DRAIN/Code/intercensal.R"
"D:/Users/martensn/BRAIN_DRAIN/Code/new/06_census.R","n","D:/Users/martensn/BRAIN_DRAIN/Code/07_regressions.Rmd;D:/Users/martensn/BRAIN_DRAIN/Code/b_embedding_test.R;D:/Users/martensn/BRAIN_DRAIN/Code/c_col_hs_classification.R;D:/Users/martensn/BRAIN_DRAIN/Code/new/02_embed.R;D:/Users/martensn/BRAIN_DRAIN/Code/new/02_embed_new.R"
"D:/Users/martensn/BRAIN_DRAIN/Code/new/06_census.R","raw_grad_rates","D:/Users/martensn/BRAIN_DRAIN/Code/02_col_chars.Rmd;D:/Users/martensn/BRAIN_DRAIN/Code/10_roi.Rmd"
"D:/Users/martensn/BRAIN_DRAIN/Code/new/06_census.R","year","D:/Users/martensn/BRAIN_DRAIN/Code/05_merge.Rmd"
