22532	2026-07-01	/p/BRAIN_DRAIN/Data/.DS_Store
8196	2026-07-01	/p/BRAIN_DRAIN/Data/01/.DS_Store
48496	2026-07-01	/p/BRAIN_DRAIN/Data/01/barrons_mod.xlsx
90751	2026-07-01	/p/BRAIN_DRAIN/Data/01/CBSACrosswalk.csv
941152	2026-07-01	/p/BRAIN_DRAIN/Data/01/chetty_college.xlsx
23996269	2026-07-01	/p/BRAIN_DRAIN/Data/01/counties.xlsx
6148	2026-07-01	/p/BRAIN_DRAIN/Data/01/Crosswalks/.DS_Store
2517621	2026-07-01	/p/BRAIN_DRAIN/Data/01/Crosswalks/CW2000.xlsx
2498218	2026-07-01	/p/BRAIN_DRAIN/Data/01/Crosswalks/CW2001.xlsx
2311443	2026-07-01	/p/BRAIN_DRAIN/Data/01/Crosswalks/CW2002.xlsx
2254474	2026-07-01	/p/BRAIN_DRAIN/Data/01/Crosswalks/CW2003.xlsx
2231943	2026-07-01	/p/BRAIN_DRAIN/Data/01/Crosswalks/CW2004.xlsx
2162895	2026-07-01	/p/BRAIN_DRAIN/Data/01/Crosswalks/CW2005.xlsx
2233281	2026-07-01	/p/BRAIN_DRAIN/Data/01/Crosswalks/CW2006.xlsx
2334699	2026-07-01	/p/BRAIN_DRAIN/Data/01/Crosswalks/CW2007.xlsx
2432644	2026-07-01	/p/BRAIN_DRAIN/Data/01/Crosswalks/CW2008.xlsx
2587270	2026-07-01	/p/BRAIN_DRAIN/Data/01/Crosswalks/CW2009.xlsx
2699373	2026-07-01	/p/BRAIN_DRAIN/Data/01/Crosswalks/CW2010.xlsx
2785145	2026-07-01	/p/BRAIN_DRAIN/Data/01/Crosswalks/CW2011.xlsx
2823785	2026-07-01	/p/BRAIN_DRAIN/Data/01/Crosswalks/CW2012.xlsx
2795397	2026-07-01	/p/BRAIN_DRAIN/Data/01/Crosswalks/CW2013.xlsx
2799469	2026-07-01	/p/BRAIN_DRAIN/Data/01/Crosswalks/CW2014.xlsx
2774247	2026-07-01	/p/BRAIN_DRAIN/Data/01/Crosswalks/CW2015.xlsx
2754363	2026-07-01	/p/BRAIN_DRAIN/Data/01/Crosswalks/CW2016.xlsx
2700642	2026-07-01	/p/BRAIN_DRAIN/Data/01/Crosswalks/CW2017.xlsx
2639180	2026-07-01	/p/BRAIN_DRAIN/Data/01/Crosswalks/CW2018.xlsx
2588702	2026-07-01	/p/BRAIN_DRAIN/Data/01/Crosswalks/CW2019.xlsx
2530819	2026-07-01	/p/BRAIN_DRAIN/Data/01/Crosswalks/CW2020.xlsx
2517022	2026-07-01	/p/BRAIN_DRAIN/Data/01/Crosswalks/CW2021.xlsx
2478965	2026-07-01	/p/BRAIN_DRAIN/Data/01/Crosswalks/CW2022_preliminary.xlsx
433012	2026-07-01	/p/BRAIN_DRAIN/Data/01/Crosswalks/mrc_table11.csv
165	2026-07-01	/p/BRAIN_DRAIN/Data/01/Crosswalks/~$CW2000.xlsx
165	2026-07-01	/p/BRAIN_DRAIN/Data/01/Crosswalks/~$CW2021.xlsx
165	2026-07-01	/p/BRAIN_DRAIN/Data/01/Crosswalks/~$CW2022_preliminary.xlsx
9416	2026-07-01	/p/BRAIN_DRAIN/Data/01/ct_counties.xlsx
4087545	2026-07-01	/p/BRAIN_DRAIN/Data/01/ipeds_hd2021.csv
170767	2026-07-01	/p/BRAIN_DRAIN/Data/01/msa_2020.csv
82265	2026-07-01	/p/BRAIN_DRAIN/Data/01/msa_2020.xlsx
5582459	2026-07-01	/p/BRAIN_DRAIN/Data/01/Private.csv
42879198	2026-07-01	/p/BRAIN_DRAIN/Data/01/Public.csv
73507	2026-07-01	/p/BRAIN_DRAIN/Data/01/unified_cbsa.csv
3821010463	2026-07-01	/p/BRAIN_DRAIN/Data/02/.ArchiveServiceTemp.sb-deb9990c-ffJfij/uwdbhdlkbnzhaqxd.csv
6148	2026-07-01	/p/BRAIN_DRAIN/Data/02/.DS_Store
20411614563	2026-07-01	/p/BRAIN_DRAIN/Data/02/2026.04.09_demographics.csv.zip
45919259557	2026-07-01	/p/BRAIN_DRAIN/Data/02/2026.04.09_education.csv
152015510	2026-07-01	/p/BRAIN_DRAIN/Data/02/both_demo.rds
2662634	2026-07-01	/p/BRAIN_DRAIN/Data/02/institution_crosswalk.csv
609849	2026-07-01	/p/BRAIN_DRAIN/Data/02/inst_counts.csv
1970532	2026-07-01	/p/BRAIN_DRAIN/Data/02/misfits_2.csv
3673361	2026-07-01	/p/BRAIN_DRAIN/Data/02/misfits_3.csv
5458033	2026-07-01	/p/BRAIN_DRAIN/Data/02/misfits_correction.csv
262892	2026-07-01	/p/BRAIN_DRAIN/Data/02/misfits_helper.xlsx
6563564	2026-07-01	/p/BRAIN_DRAIN/Data/02/misfit_counts.csv
431642743	2026-07-01	/p/BRAIN_DRAIN/Data/02/raw_educ_STATES.csv
5363637185	2026-07-01	/p/BRAIN_DRAIN/Data/02/raw_educ_STATES_AK-MD.csv
6161357211	2026-07-01	/p/BRAIN_DRAIN/Data/02/raw_educ_STATES_MI-WY.csv
0	2026-07-01	/p/BRAIN_DRAIN/Data/02/sampled_MI-WY.csv
5363634621	2026-07-01	/p/BRAIN_DRAIN/Data/02/STATES_AK-MD.csv
69313728101	2026-07-01	/p/BRAIN_DRAIN/Data/02/uwdbhdlkbnzhaqxd.csv
165	2026-07-01	/p/BRAIN_DRAIN/Data/02/~$misfits_helper.xlsx
6148	2026-07-01	/p/BRAIN_DRAIN/Data/03/.DS_Store
4805750991	2026-07-01	/p/BRAIN_DRAIN/Data/03/2026.04.09_pos_2000.csv.zip
18329892305	2026-07-01	/p/BRAIN_DRAIN/Data/03/2026.04.09_pos_2001.csv.zip
18816178601	2026-07-01	/p/BRAIN_DRAIN/Data/03/2026.04.09_pos_2002.csv.zip
19142437893	2026-07-01	/p/BRAIN_DRAIN/Data/03/2026.04.09_pos_2003.csv.zip
20196948052	2026-07-01	/p/BRAIN_DRAIN/Data/03/2026.04.09_pos_2004.csv.zip
21182051918	2026-07-01	/p/BRAIN_DRAIN/Data/03/2026.04.09_pos_2005.csv.zip
22174271461	2026-07-01	/p/BRAIN_DRAIN/Data/03/2026.04.09_pos_2006.csv.zip
23407074888	2026-07-01	/p/BRAIN_DRAIN/Data/03/2026.04.09_pos_2007.csv.zip
24199483664	2026-07-01	/p/BRAIN_DRAIN/Data/03/2026.04.09_pos_2008.csv.zip
25339923764	2026-07-01	/p/BRAIN_DRAIN/Data/03/2026.04.09_pos_2009.csv.zip
26606917748	2026-07-01	/p/BRAIN_DRAIN/Data/03/2026.04.10_pos_2010.csv.zip
28076503412	2026-07-01	/p/BRAIN_DRAIN/Data/03/2026.04.10_pos_2011.csv.zip
29601227714	2026-07-01	/p/BRAIN_DRAIN/Data/03/2026.04.10_pos_2012.csv.zip
30964888865	2026-07-01	/p/BRAIN_DRAIN/Data/03/2026.04.10_pos_2013.csv.zip
32472728832	2026-07-01	/p/BRAIN_DRAIN/Data/03/2026.04.10_pos_2014.csv.zip
33978865186	2026-07-01	/p/BRAIN_DRAIN/Data/03/2026.04.10_pos_2015.csv.zip
35885369054	2026-07-01	/p/BRAIN_DRAIN/Data/03/2026.04.10_pos_2016.csv.zip
37524913108	2026-07-01	/p/BRAIN_DRAIN/Data/03/2026.04.10_pos_2017.csv.zip
39538097834	2026-07-01	/p/BRAIN_DRAIN/Data/03/2026.04.10_pos_2018.csv.zip
40732870116	2026-07-01	/p/BRAIN_DRAIN/Data/03/2026.04.10_pos_2019.csv.zip
41926782719	2026-07-01	/p/BRAIN_DRAIN/Data/03/2026.04.10_pos_2020.csv.zip
43474561894	2026-07-01	/p/BRAIN_DRAIN/Data/03/2026.04.10_pos_2021.csv.zip
45780235992	2026-07-01	/p/BRAIN_DRAIN/Data/03/2026.04.10_pos_2022.csv.zip
46332310862	2026-07-01	/p/BRAIN_DRAIN/Data/03/2026.04.10_pos_2023.csv.zip
45038567970	2026-07-01	/p/BRAIN_DRAIN/Data/03/2026.04.10_pos_2025.csv.zip
53256452200	2026-07-01	/p/BRAIN_DRAIN/Data/03/cleaned_pos_educ_STATES_AK-MD.csv
62142870080	2026-07-01	/p/BRAIN_DRAIN/Data/03/cleaned_pos_educ_STATES_MI-WY.csv
161	2026-07-01	/p/BRAIN_DRAIN/Data/03/msa_string_cleaning.csv
10296	2026-07-01	/p/BRAIN_DRAIN/Data/03/msa_string_cleaning.xlsx
891692	2026-07-01	/p/BRAIN_DRAIN/Data/03/zipcodes.csv
116865881	2026-07-01	/p/BRAIN_DRAIN/Data/04/cbp19co.txt
104653260	2026-07-01	/p/BRAIN_DRAIN/Data/04/cbp20co.txt
105433378	2026-07-01	/p/BRAIN_DRAIN/Data/04/cbp21co.txt
106543178	2026-07-01	/p/BRAIN_DRAIN/Data/04/cbp22co.txt
7427833	2026-07-01	/p/BRAIN_DRAIN/Data/04/cbsa_shock.csv
1313661755	2026-07-01	/p/BRAIN_DRAIN/Data/04/efsy_panel_naics.csv
1006407	2026-07-01	/p/BRAIN_DRAIN/Data/04/shares.csv
83196309	2026-07-01	/p/BRAIN_DRAIN/Data/04/shifts.csv
6297	2026-07-01	/p/BRAIN_DRAIN/Data/04/w_share.csv
37623	2026-07-01	/p/BRAIN_DRAIN/Data/05/all_bin_shares_10.csv
94545	2026-07-01	/p/BRAIN_DRAIN/Data/05/all_bin_shares_25.csv
22604	2026-07-01	/p/BRAIN_DRAIN/Data/05/all_bin_shares_5.csv
1217	2026-07-01	/p/BRAIN_DRAIN/Data/05/all_bin_shares_cbsa_10.csv
3039	2026-07-01	/p/BRAIN_DRAIN/Data/05/all_bin_shares_cbsa_25.csv
671	2026-07-01	/p/BRAIN_DRAIN/Data/05/all_bin_shares_cbsa_5.csv
1314	2026-07-01	/p/BRAIN_DRAIN/Data/05/all_bin_shares_state_10.csv
3038	2026-07-01	/p/BRAIN_DRAIN/Data/05/all_bin_shares_state_25.csv
751	2026-07-01	/p/BRAIN_DRAIN/Data/05/all_bin_shares_state_5.csv
392870	2026-07-01	/p/BRAIN_DRAIN/Data/05/bin_10.csv
1081265	2026-07-01	/p/BRAIN_DRAIN/Data/05/bin_25.csv
315553	2026-07-01	/p/BRAIN_DRAIN/Data/05/bin_5.csv
272193	2026-07-01	/p/BRAIN_DRAIN/Data/05/bin_5.xlsx
268398	2026-07-01	/p/BRAIN_DRAIN/Data/05/bin_cbsa_10.csv
1046321	2026-07-01	/p/BRAIN_DRAIN/Data/05/bin_cbsa_25.csv
192020	2026-07-01	/p/BRAIN_DRAIN/Data/05/bin_cbsa_5.csv
469599	2026-07-01	/p/BRAIN_DRAIN/Data/05/bin_state_10.csv
1014447	2026-07-01	/p/BRAIN_DRAIN/Data/05/bin_state_25.csv
295659	2026-07-01	/p/BRAIN_DRAIN/Data/05/bin_state_5.csv
185959	2026-07-01	/p/BRAIN_DRAIN/Data/05/li_inst.csv
1947274	2026-07-01	/p/BRAIN_DRAIN/Data/05/local_stocks.csv
20331	2026-07-01	/p/BRAIN_DRAIN/Data/05/microdata_sample.csv
2886355924	2026-07-01	/p/BRAIN_DRAIN/Data/05/raw_microdata.csv
15547388	2026-07-01	/p/BRAIN_DRAIN/Data/05/return.csv
94792	2026-07-01	/p/BRAIN_DRAIN/Data/05/returners_cbsa_10.csv
953292	2026-07-01	/p/BRAIN_DRAIN/Data/05/returners_cbsa_25.csv
71555	2026-07-01	/p/BRAIN_DRAIN/Data/05/returners_cbsa_5.csv
360477	2026-07-01	/p/BRAIN_DRAIN/Data/05/returners_state_10.csv
951593	2026-07-01	/p/BRAIN_DRAIN/Data/05/returners_state_25.csv
198721	2026-07-01	/p/BRAIN_DRAIN/Data/05/returners_state_5.csv
40444957	2026-07-01	/p/BRAIN_DRAIN/Data/05/return_occp.csv
1123619	2026-07-01	/p/BRAIN_DRAIN/Data/05/state_stocks.csv
11443	2026-07-01	/p/BRAIN_DRAIN/Data/06/AAU 2.xlsx
11794	2026-07-01	/p/BRAIN_DRAIN/Data/06/AAU.xlsx
28403166	2026-07-01	/p/BRAIN_DRAIN/Data/06/all_deg.csv
953165	2026-07-01	/p/BRAIN_DRAIN/Data/06/bls_laus_data.csv
1043217	2026-07-01	/p/BRAIN_DRAIN/Data/06/business_deg.csv
6178	2026-07-01	/p/BRAIN_DRAIN/Data/06/coef_data.csv
20999	2026-07-01	/p/BRAIN_DRAIN/Data/06/coef_data_semi.csv
1041	2026-07-01	/p/BRAIN_DRAIN/Data/06/cohort_return_col_10.csv
1053	2026-07-01	/p/BRAIN_DRAIN/Data/06/cohort_return_hs_10.csv
958	2026-07-01	/p/BRAIN_DRAIN/Data/06/cohort_x_grad
95170	2026-07-01	/p/BRAIN_DRAIN/Data/06/cohort_x_grad.csv
10207581	2026-07-01	/p/BRAIN_DRAIN/Data/06/CollegeMarketShares_state.csv
27572	2026-07-01	/p/BRAIN_DRAIN/Data/06/diff_cbsa.csv
3798	2026-07-01	/p/BRAIN_DRAIN/Data/06/directed_2000_2005.csv
3818	2026-07-01	/p/BRAIN_DRAIN/Data/06/directed_2000_2010.csv
3798	2026-07-01	/p/BRAIN_DRAIN/Data/06/directed_2001_2006.csv
3831	2026-07-01	/p/BRAIN_DRAIN/Data/06/directed_2001_2011.csv
3807	2026-07-01	/p/BRAIN_DRAIN/Data/06/directed_2002_2007.csv
3834	2026-07-01	/p/BRAIN_DRAIN/Data/06/directed_2002_2012.csv
3817	2026-07-01	/p/BRAIN_DRAIN/Data/06/directed_2003_2008.csv
3817	2026-07-01	/p/BRAIN_DRAIN/Data/06/directed_2003_2013.csv
3821	2026-07-01	/p/BRAIN_DRAIN/Data/06/directed_2004_2009.csv
3846	2026-07-01	/p/BRAIN_DRAIN/Data/06/directed_2004_2014.csv
3817	2026-07-01	/p/BRAIN_DRAIN/Data/06/directed_2005_2010.csv
3834	2026-07-01	/p/BRAIN_DRAIN/Data/06/directed_2005_2015.csv
3840	2026-07-01	/p/BRAIN_DRAIN/Data/06/directed_2006_2011.csv
3827	2026-07-01	/p/BRAIN_DRAIN/Data/06/directed_2006_2016.csv
3835	2026-07-01	/p/BRAIN_DRAIN/Data/06/directed_2007_2012.csv
3829	2026-07-01	/p/BRAIN_DRAIN/Data/06/directed_2007_2017.csv
3816	2026-07-01	/p/BRAIN_DRAIN/Data/06/directed_2008_2013.csv
3825	2026-07-01	/p/BRAIN_DRAIN/Data/06/directed_2009_2014.csv
3824	2026-07-01	/p/BRAIN_DRAIN/Data/06/directed_2010_2015.csv
3848	2026-07-01	/p/BRAIN_DRAIN/Data/06/directed_2011_2016.csv
3833	2026-07-01	/p/BRAIN_DRAIN/Data/06/directed_2012_2017.csv
301888	2026-07-01	/p/BRAIN_DRAIN/Data/06/engineering_deg.csv
14235	2026-07-01	/p/BRAIN_DRAIN/Data/06/group_semi_elasticities.csv
569517	2026-07-01	/p/BRAIN_DRAIN/Data/06/institutional_characteristics.csv
609782	2026-07-01	/p/BRAIN_DRAIN/Data/06/inst_names.csv
422700	2026-07-01	/p/BRAIN_DRAIN/Data/06/intercensal.csv
54966	2026-07-01	/p/BRAIN_DRAIN/Data/06/ipeds_finance_troubleshoot.xlsx
25514	2026-07-01	/p/BRAIN_DRAIN/Data/06/local_differences.csv
49953	2026-07-01	/p/BRAIN_DRAIN/Data/06/local_differences_unfilt.csv
171259082	2026-07-01	/p/BRAIN_DRAIN/Data/06/microdata_sample.csv
1911371	2026-07-01	/p/BRAIN_DRAIN/Data/06/mrc_table2.xlsx
80344	2026-07-01	/p/BRAIN_DRAIN/Data/06/net_cbsa.csv
10327	2026-07-01	/p/BRAIN_DRAIN/Data/06/net_state.csv
5532	2026-07-01	/p/BRAIN_DRAIN/Data/06/occ1990dd_task_alm.zip.download/occ1990dd_task_alm.zip.sb-d6a9beb6-zML4WA/occ1990dd_task_alm/occ1990dd_task_alm.dta
258	2026-07-01	/p/BRAIN_DRAIN/Data/06/occ1990dd_task_alm.zip.download/occ1990dd_task_alm.zip.sb-d6a9beb6-zML4WA/occ1990dd_task_alm/README for occ1990dd_task_alm.dta.txt
1344	2026-07-01	/p/BRAIN_DRAIN/Data/06/occp_inst_group.csv
257	2026-07-01	/p/BRAIN_DRAIN/Data/06/outsample_values
377787	2026-07-01	/p/BRAIN_DRAIN/Data/06/recruitment.csv
3047395669	2026-07-01	/p/BRAIN_DRAIN/Data/06/regression_data.csv
275	2026-07-01	/p/BRAIN_DRAIN/Data/06/restrict_values
258	2026-07-01	/p/BRAIN_DRAIN/Data/06/sample_values.csv
1271885	2026-07-01	/p/BRAIN_DRAIN/Data/06/tie_stocks.csv
1319373	2026-07-01	/p/BRAIN_DRAIN/Data/06/total_deg.csv
165	2026-07-01	/p/BRAIN_DRAIN/Data/06/~$AAU.xlsx
6148	2026-07-01	/p/BRAIN_DRAIN/Data/07/.DS_Store
11414	2026-07-01	/p/BRAIN_DRAIN/Data/07/AAU.xlsx
24856	2026-07-01	/p/BRAIN_DRAIN/Data/07/ACSDT1Y2022.B15001-2024-02-23T180106.xlsx
1842351	2026-07-01	/p/BRAIN_DRAIN/Data/07/col_users
2380899	2026-07-01	/p/BRAIN_DRAIN/Data/07/destination_cbsa.csv
983969	2026-07-01	/p/BRAIN_DRAIN/Data/07/destination_state.csv
119763	2026-07-01	/p/BRAIN_DRAIN/Data/07/education.xlsx
44575	2026-07-01	/p/BRAIN_DRAIN/Data/07/fraction.csv
5614	2026-07-01	/p/BRAIN_DRAIN/Data/07/hs_shock_year_cbsa.csv
5614	2026-07-01	/p/BRAIN_DRAIN/Data/07/hs_shock_year_state.csv
49249	2026-07-01	/p/BRAIN_DRAIN/Data/07/instate_li.csv
329	2026-07-01	/p/BRAIN_DRAIN/Data/07/inst_levels.csv
1399	2026-07-01	/p/BRAIN_DRAIN/Data/07/Latin-Modern-Roman/GUST e-foundry License.txt
107780	2026-07-01	/p/BRAIN_DRAIN/Data/07/Latin-Modern-Roman/lmroman10-bold.otf
114140	2026-07-01	/p/BRAIN_DRAIN/Data/07/Latin-Modern-Roman/lmroman10-bolditalic.otf
115244	2026-07-01	/p/BRAIN_DRAIN/Data/07/Latin-Modern-Roman/lmroman10-italic.otf
107188	2026-07-01	/p/BRAIN_DRAIN/Data/07/Latin-Modern-Roman/lmroman10-regular.otf
112444	2026-07-01	/p/BRAIN_DRAIN/Data/07/Latin-Modern-Roman/lmromancaps10-oblique.otf
103948	2026-07-01	/p/BRAIN_DRAIN/Data/07/Latin-Modern-Roman/lmromancaps10-regular.otf
114524	2026-07-01	/p/BRAIN_DRAIN/Data/07/Latin-Modern-Roman/lmromandemi10-oblique.otf
107820	2026-07-01	/p/BRAIN_DRAIN/Data/07/Latin-Modern-Roman/lmromandemi10-regular.otf
118228	2026-07-01	/p/BRAIN_DRAIN/Data/07/Latin-Modern-Roman/lmromandunh10-oblique.otf
109328	2026-07-01	/p/BRAIN_DRAIN/Data/07/Latin-Modern-Roman/lmromandunh10-regular.otf
113756	2026-07-01	/p/BRAIN_DRAIN/Data/07/Latin-Modern-Roman/lmromanslant10-bold.otf
115648	2026-07-01	/p/BRAIN_DRAIN/Data/07/Latin-Modern-Roman/lmromanslant10-regular.otf
51189	2026-07-01	/p/BRAIN_DRAIN/Data/07/local_ties_cbsa.csv
6527	2026-07-01	/p/BRAIN_DRAIN/Data/07/local_ties_state.csv
818	2026-07-01	/p/BRAIN_DRAIN/Data/07/no_prestige_soc.csv
582523	2026-07-01	/p/BRAIN_DRAIN/Data/07/numerator.csv
270539	2026-07-01	/p/BRAIN_DRAIN/Data/07/OccupationalPrestigeRatings.csv
13638	2026-07-01	/p/BRAIN_DRAIN/Data/07/pf.xlsx
2308154293	2026-07-01	/p/BRAIN_DRAIN/Data/07/raw_microdata.csv
41560	2026-07-01	/p/BRAIN_DRAIN/Data/07/return_by_year.csv
363	2026-07-01	/p/BRAIN_DRAIN/Data/07/return_levels_cbsa.csv
291	2026-07-01	/p/BRAIN_DRAIN/Data/07/return_levels_state.csv
46630	2026-07-01	/p/BRAIN_DRAIN/Data/07/soc_2010_to_2018_crosswalk.xlsx
189227	2026-07-01	/p/BRAIN_DRAIN/Data/07/soc_ba.csv
15368	2026-07-01	/p/BRAIN_DRAIN/Data/07/soc_li_distribution.csv
189227	2026-07-01	/p/BRAIN_DRAIN/Data/07/soc_merge.csv
76441	2026-07-01	/p/BRAIN_DRAIN/Data/07/State_of_Residence_By_Place_of_Birth_Table_2022_T13.xlsx
17609	2026-07-01	/p/BRAIN_DRAIN/Data/07/tabn318.10.xlsx
165	2026-07-01	/p/BRAIN_DRAIN/Data/07/~$pf.xlsx
135298	2026-07-01	/p/BRAIN_DRAIN/Data/actual_cohort.csv
15684	2026-07-01	/p/BRAIN_DRAIN/Data/all_binary.csv
34051	2026-07-01	/p/BRAIN_DRAIN/Data/all_binary.xlsx
0	2026-07-01	/p/BRAIN_DRAIN/Data/all_binary_cbsa.csv
0	2026-07-01	/p/BRAIN_DRAIN/Data/all_binary_cbsa.xlsx
0	2026-07-01	/p/BRAIN_DRAIN/Data/barrons01.pdf
0	2026-07-01	/p/BRAIN_DRAIN/Data/barrons_mod_endowment.xlsx
0	2026-07-01	/p/BRAIN_DRAIN/Data/barrons_raw.xlsx
64459	2026-07-01	/p/BRAIN_DRAIN/Data/be_sch.csv
103142	2026-07-01	/p/BRAIN_DRAIN/Data/be_sch_full.csv
46947	2026-07-01	/p/BRAIN_DRAIN/Data/be_sch_grad.csv
124896206	2026-07-01	/p/BRAIN_DRAIN/Data/both_final.rds
90543244	2026-07-01	/p/BRAIN_DRAIN/Data/both_orig.rds
245365	2026-07-01	/p/BRAIN_DRAIN/Data/cbsa_2020.csv
284967	2026-07-01	/p/BRAIN_DRAIN/Data/cc.rds
948689	2026-07-01	/p/BRAIN_DRAIN/Data/cc_alias.csv
238698	2026-07-01	/p/BRAIN_DRAIN/Data/cc_alias.rds
94508	2026-07-01	/p/BRAIN_DRAIN/Data/cc_rsid_crosswalk.rds
257529	2026-07-01	/p/BRAIN_DRAIN/Data/cc_strings.csv
75647	2026-07-01	/p/BRAIN_DRAIN/Data/cc_strings.rds
0	2026-07-01	/p/BRAIN_DRAIN/Data/chetty_closed_colleges.csv
2157147	2026-07-01	/p/BRAIN_DRAIN/Data/chetty_college_inc_dist.xlsx
12542	2026-07-01	/p/BRAIN_DRAIN/Data/classification_sample_1.csv
323383	2026-07-01	/p/BRAIN_DRAIN/Data/colleges.rds
65965912	2026-07-01	/p/BRAIN_DRAIN/Data/colleges_ipeds_completions-2digcip_2000.csv
127106321	2026-07-01	/p/BRAIN_DRAIN/Data/colleges_ipeds_completions-2digcip_2010.csv
132219568	2026-07-01	/p/BRAIN_DRAIN/Data/colleges_ipeds_completions-2digcip_2020.csv
114956178	2026-07-01	/p/BRAIN_DRAIN/Data/colleges_ipeds_directory.csv
69505558	2026-07-01	/p/BRAIN_DRAIN/Data/colleges_ipeds_fall-res.csv
469490722	2026-07-01	/p/BRAIN_DRAIN/Data/colleges_ipeds_grad-rates.csv
1874599	2026-07-01	/p/BRAIN_DRAIN/Data/col_alias.csv
348495	2026-07-01	/p/BRAIN_DRAIN/Data/col_alias.rds
156432643	2026-07-01	/p/BRAIN_DRAIN/Data/col_alias_resp.rds
734635	2026-07-01	/p/BRAIN_DRAIN/Data/col_ct.csv
271062	2026-07-01	/p/BRAIN_DRAIN/Data/col_ct.rds
121128	2026-07-01	/p/BRAIN_DRAIN/Data/col_embed.rds
20526	2026-07-01	/p/BRAIN_DRAIN/Data/col_gt.csv
174849	2026-07-01	/p/BRAIN_DRAIN/Data/col_rsid_crosswalk.rds
135297	2026-07-01	/p/BRAIN_DRAIN/Data/col_shock.csv
604944	2026-07-01	/p/BRAIN_DRAIN/Data/col_strings.csv
164166	2026-07-01	/p/BRAIN_DRAIN/Data/col_strings.rds
0	2026-07-01	/p/BRAIN_DRAIN/Data/col_users.csv
0	2026-07-01	/p/BRAIN_DRAIN/Data/col_users.xlsx
43117	2026-07-01	/p/BRAIN_DRAIN/Data/col_wo_rsid.csv
174712	2026-07-01	/p/BRAIN_DRAIN/Data/dupe_match_rsid.csv
119908	2026-07-01	/p/BRAIN_DRAIN/Data/education.xlsx
1261	2026-07-01	/p/BRAIN_DRAIN/Data/EducationDataPortal_08.18.2024_datadictionary.csv
0	2026-07-01	/p/BRAIN_DRAIN/Data/education_0000_part_00.csv
0	2026-07-01	/p/BRAIN_DRAIN/Data/education_cleaned.csv
0	2026-07-01	/p/BRAIN_DRAIN/Data/ed_funding.xlsx
121029697	2026-07-01	/p/BRAIN_DRAIN/Data/ed_wide.rds
15111154	2026-07-01	/p/BRAIN_DRAIN/Data/ELSI_csv_export_6390435784786712152626.csv
2617101	2026-07-01	/p/BRAIN_DRAIN/Data/ELSI_csv_export_639044261135902865330.csv
18653457	2026-07-01	/p/BRAIN_DRAIN/Data/ELSI_csv_export_6390455368533882136542.csv
10737728	2026-07-01	/p/BRAIN_DRAIN/Data/finance_raw.csv
0	2026-07-01	/p/BRAIN_DRAIN/Data/Grawe.xlsx
1231	2026-07-01	/p/BRAIN_DRAIN/Data/great_recession/all_bin_shares_cbsa_10.csv
663	2026-07-01	/p/BRAIN_DRAIN/Data/great_recession/all_bin_shares_cbsa_5.csv
122293	2026-07-01	/p/BRAIN_DRAIN/Data/great_recession/bin_cbsa_10.csv
101216	2026-07-01	/p/BRAIN_DRAIN/Data/great_recession/bin_cbsa_5.csv
21183	2026-07-01	/p/BRAIN_DRAIN/Data/great_recession/coef_data_semi.csv
1864	2026-07-01	/p/BRAIN_DRAIN/Data/great_recession/compliers.csv
19153	2026-07-01	/p/BRAIN_DRAIN/Data/great_recession/dens_sam.csv
2380899	2026-07-01	/p/BRAIN_DRAIN/Data/great_recession/destination_cbsa.csv
983969	2026-07-01	/p/BRAIN_DRAIN/Data/great_recession/destination_state.csv
3534	2026-07-01	/p/BRAIN_DRAIN/Data/great_recession/directed_2000_2005.csv
3590	2026-07-01	/p/BRAIN_DRAIN/Data/great_recession/directed_2001_2006.csv
3621	2026-07-01	/p/BRAIN_DRAIN/Data/great_recession/directed_2002_2007.csv
3634	2026-07-01	/p/BRAIN_DRAIN/Data/great_recession/directed_2003_2008.csv
3681	2026-07-01	/p/BRAIN_DRAIN/Data/great_recession/directed_2004_2009.csv
3689	2026-07-01	/p/BRAIN_DRAIN/Data/great_recession/directed_2005_2010.csv
3704	2026-07-01	/p/BRAIN_DRAIN/Data/great_recession/directed_2006_2011.csv
3719	2026-07-01	/p/BRAIN_DRAIN/Data/great_recession/directed_2007_2012.csv
3719	2026-07-01	/p/BRAIN_DRAIN/Data/great_recession/directed_2008_2013.csv
3735	2026-07-01	/p/BRAIN_DRAIN/Data/great_recession/directed_2009_2014.csv
3726	2026-07-01	/p/BRAIN_DRAIN/Data/great_recession/directed_2010_2015.csv
3753	2026-07-01	/p/BRAIN_DRAIN/Data/great_recession/directed_2011_2016.csv
3742	2026-07-01	/p/BRAIN_DRAIN/Data/great_recession/directed_2012_2017.csv
766	2026-07-01	/p/BRAIN_DRAIN/Data/great_recession/fraction_cohort.csv
14170	2026-07-01	/p/BRAIN_DRAIN/Data/great_recession/group_semi_elasticities.csv
591	2026-07-01	/p/BRAIN_DRAIN/Data/great_recession/hs_shock_year_cbsa.csv
588	2026-07-01	/p/BRAIN_DRAIN/Data/great_recession/hs_shock_year_state.csv
49249	2026-07-01	/p/BRAIN_DRAIN/Data/great_recession/instate_li.csv
329	2026-07-01	/p/BRAIN_DRAIN/Data/great_recession/inst_levels.csv
925	2026-07-01	/p/BRAIN_DRAIN/Data/great_recession/leaver_levels_cbsa.csv
1147	2026-07-01	/p/BRAIN_DRAIN/Data/great_recession/leaver_levels_state.csv
485	2026-07-01	/p/BRAIN_DRAIN/Data/great_recession/li_deg_awarded.csv
191840	2026-07-01	/p/BRAIN_DRAIN/Data/great_recession/li_inst.csv
26998	2026-07-01	/p/BRAIN_DRAIN/Data/great_recession/local_differences.csv
1947563	2026-07-01	/p/BRAIN_DRAIN/Data/great_recession/local_stocks.csv
51189	2026-07-01	/p/BRAIN_DRAIN/Data/great_recession/local_ties_cbsa.csv
6527	2026-07-01	/p/BRAIN_DRAIN/Data/great_recession/local_ties_state.csv
80344	2026-07-01	/p/BRAIN_DRAIN/Data/great_recession/net_cbsa.csv
10327	2026-07-01	/p/BRAIN_DRAIN/Data/great_recession/net_state.csv
388	2026-07-01	/p/BRAIN_DRAIN/Data/great_recession/occp_inst_group.csv
231	2026-07-01	/p/BRAIN_DRAIN/Data/great_recession/outsample_values.rds
26	2026-07-01	/p/BRAIN_DRAIN/Data/great_recession/quantiles_sam.csv
237	2026-07-01	/p/BRAIN_DRAIN/Data/great_recession/restrict_values.rds
218617	2026-07-01	/p/BRAIN_DRAIN/Data/great_recession/returners_cbsa_10.csv
138271	2026-07-01	/p/BRAIN_DRAIN/Data/great_recession/returners_cbsa_5.csv
891	2026-07-01	/p/BRAIN_DRAIN/Data/great_recession/return_levels_cbsa.csv
897	2026-07-01	/p/BRAIN_DRAIN/Data/great_recession/return_levels_state.csv
232	2026-07-01	/p/BRAIN_DRAIN/Data/great_recession/sample_values.rds
1124648	2026-07-01	/p/BRAIN_DRAIN/Data/great_recession/state_stocks.csv
203052	2026-07-01	/p/BRAIN_DRAIN/Data/great_recession/tie_stocks.csv
9556580	2026-07-01	/p/BRAIN_DRAIN/Data/hs_alias.csv
1451740	2026-07-01	/p/BRAIN_DRAIN/Data/hs_alias.rds
273498112	2026-07-01	/p/BRAIN_DRAIN/Data/hs_alias_resp.rds
14653586	2026-07-01	/p/BRAIN_DRAIN/Data/hs_col_classification.csv
48520	2026-07-01	/p/BRAIN_DRAIN/Data/hs_embed.rds
14270	2026-07-01	/p/BRAIN_DRAIN/Data/hs_gt.csv
500468	2026-07-01	/p/BRAIN_DRAIN/Data/hs_rsid_crosswalk.rds
135296	2026-07-01	/p/BRAIN_DRAIN/Data/hs_shock.csv
28051801	2026-07-01	/p/BRAIN_DRAIN/Data/hs_strings.csv
4817514	2026-07-01	/p/BRAIN_DRAIN/Data/hs_strings.rds
0	2026-07-01	/p/BRAIN_DRAIN/Data/hs_users.csv
0	2026-07-01	/p/BRAIN_DRAIN/Data/hs_users.xlsx
21486726	2026-07-01	/p/BRAIN_DRAIN/Data/input_col.rds
340042363	2026-07-01	/p/BRAIN_DRAIN/Data/input_col_m.rds
0	2026-07-01	/p/BRAIN_DRAIN/Data/IPEDS codebook.xlsx
0	2026-07-01	/p/BRAIN_DRAIN/Data/ipeds_adm2021.csv
224033	2026-07-01	/p/BRAIN_DRAIN/Data/ipeds_deg_awarded.rds
1261	2026-07-01	/p/BRAIN_DRAIN/Data/ipeds_deg_awarded_field
0	2026-07-01	/p/BRAIN_DRAIN/Data/ipeds_ef2020c.csv
0	2026-07-01	/p/BRAIN_DRAIN/Data/ipeds_hd2020_dictionary.xlsx
9223	2026-07-01	/p/BRAIN_DRAIN/Data/llm_1_unk.csv
21194	2026-07-01	/p/BRAIN_DRAIN/Data/llm_1_unk.xlsx
10859	2026-07-01	/p/BRAIN_DRAIN/Data/llm_1_us.csv
19451	2026-07-01	/p/BRAIN_DRAIN/Data/llm_1_us.xlsx
4869	2026-07-01	/p/BRAIN_DRAIN/Data/make_transfer_inventory.py
98388	2026-07-01	/p/BRAIN_DRAIN/Data/matched_col.rds
632072	2026-07-01	/p/BRAIN_DRAIN/Data/matched_hs.rds
55420	2026-07-01	/p/BRAIN_DRAIN/Data/match_problems.xlsx
148025	2026-07-01	/p/BRAIN_DRAIN/Data/microdata_sample.csv
57382082	2026-07-01	/p/BRAIN_DRAIN/Data/nces_public_school_file.zip.download/nces_public_school_file.zip.sb-652df04a-9Tybbh/nces_public_school_file/ELSI_csv_export_6390435443173860515321.csv
407963	2026-07-01	/p/BRAIN_DRAIN/Data/occupation.xlsx
226997	2026-07-01	/p/BRAIN_DRAIN/Data/occupational_prestige.csv
10727	2026-07-01	/p/BRAIN_DRAIN/Data/Paper/chetty_sel_dist_stats.xlsx
27985	2026-07-01	/p/BRAIN_DRAIN/Data/persistent_match_issues.xlsx
1288	2026-07-01	/p/BRAIN_DRAIN/Data/pooled/all_bin_shares_cbsa_10.csv
2941	2026-07-01	/p/BRAIN_DRAIN/Data/pooled/all_bin_shares_cbsa_25.csv
725	2026-07-01	/p/BRAIN_DRAIN/Data/pooled/all_bin_shares_cbsa_5.csv
1229	2026-07-01	/p/BRAIN_DRAIN/Data/pooled/all_bin_shares_state_10.csv
2928	2026-07-01	/p/BRAIN_DRAIN/Data/pooled/all_bin_shares_state_25.csv
673	2026-07-01	/p/BRAIN_DRAIN/Data/pooled/all_bin_shares_state_5.csv
488245	2026-07-01	/p/BRAIN_DRAIN/Data/pooled/bin_cbsa_10.csv
379255	2026-07-01	/p/BRAIN_DRAIN/Data/pooled/bin_cbsa_25.csv
303665	2026-07-01	/p/BRAIN_DRAIN/Data/pooled/bin_cbsa_5.csv
229388	2026-07-01	/p/BRAIN_DRAIN/Data/pooled/bin_state_10.csv
317648	2026-07-01	/p/BRAIN_DRAIN/Data/pooled/bin_state_25.csv
166738	2026-07-01	/p/BRAIN_DRAIN/Data/pooled/bin_state_5.csv
21790	2026-07-01	/p/BRAIN_DRAIN/Data/pooled/coef_data_semi.csv
1865	2026-07-01	/p/BRAIN_DRAIN/Data/pooled/compliers.csv
19049	2026-07-01	/p/BRAIN_DRAIN/Data/pooled/dens_sam.csv
2380899	2026-07-01	/p/BRAIN_DRAIN/Data/pooled/destination_cbsa.csv
983969	2026-07-01	/p/BRAIN_DRAIN/Data/pooled/destination_state.csv
3534	2026-07-01	/p/BRAIN_DRAIN/Data/pooled/directed_2000_2005.csv
3590	2026-07-01	/p/BRAIN_DRAIN/Data/pooled/directed_2001_2006.csv
3621	2026-07-01	/p/BRAIN_DRAIN/Data/pooled/directed_2002_2007.csv
3634	2026-07-01	/p/BRAIN_DRAIN/Data/pooled/directed_2003_2008.csv
3681	2026-07-01	/p/BRAIN_DRAIN/Data/pooled/directed_2004_2009.csv
3689	2026-07-01	/p/BRAIN_DRAIN/Data/pooled/directed_2005_2010.csv
3704	2026-07-01	/p/BRAIN_DRAIN/Data/pooled/directed_2006_2011.csv
3719	2026-07-01	/p/BRAIN_DRAIN/Data/pooled/directed_2007_2012.csv
3719	2026-07-01	/p/BRAIN_DRAIN/Data/pooled/directed_2008_2013.csv
3735	2026-07-01	/p/BRAIN_DRAIN/Data/pooled/directed_2009_2014.csv
3726	2026-07-01	/p/BRAIN_DRAIN/Data/pooled/directed_2010_2015.csv
3753	2026-07-01	/p/BRAIN_DRAIN/Data/pooled/directed_2011_2016.csv
3742	2026-07-01	/p/BRAIN_DRAIN/Data/pooled/directed_2012_2017.csv
766	2026-07-01	/p/BRAIN_DRAIN/Data/pooled/fraction_cohort.csv
14253	2026-07-01	/p/BRAIN_DRAIN/Data/pooled/group_semi_elasticities.csv
5615	2026-07-01	/p/BRAIN_DRAIN/Data/pooled/hs_shock_year_cbsa.csv
5619	2026-07-01	/p/BRAIN_DRAIN/Data/pooled/hs_shock_year_state.csv
49249	2026-07-01	/p/BRAIN_DRAIN/Data/pooled/instate_li.csv
329	2026-07-01	/p/BRAIN_DRAIN/Data/pooled/inst_levels.csv
938	2026-07-01	/p/BRAIN_DRAIN/Data/pooled/leaver_levels_cbsa.csv
1169	2026-07-01	/p/BRAIN_DRAIN/Data/pooled/leaver_levels_state.csv
485	2026-07-01	/p/BRAIN_DRAIN/Data/pooled/li_deg_awarded.csv
191840	2026-07-01	/p/BRAIN_DRAIN/Data/pooled/li_inst.csv
27018	2026-07-01	/p/BRAIN_DRAIN/Data/pooled/local_differences.csv
1947563	2026-07-01	/p/BRAIN_DRAIN/Data/pooled/local_stocks.csv
51189	2026-07-01	/p/BRAIN_DRAIN/Data/pooled/local_ties_cbsa.csv
6527	2026-07-01	/p/BRAIN_DRAIN/Data/pooled/local_ties_state.csv
80344	2026-07-01	/p/BRAIN_DRAIN/Data/pooled/net_cbsa.csv
10327	2026-07-01	/p/BRAIN_DRAIN/Data/pooled/net_state.csv
1422	2026-07-01	/p/BRAIN_DRAIN/Data/pooled/occp_inst_group.csv
231	2026-07-01	/p/BRAIN_DRAIN/Data/pooled/outsample_values.rds
26	2026-07-01	/p/BRAIN_DRAIN/Data/pooled/quantiles_sam.csv
240	2026-07-01	/p/BRAIN_DRAIN/Data/pooled/restrict_values.rds
359345	2026-07-01	/p/BRAIN_DRAIN/Data/pooled/returners_cbsa_10.csv
126723	2026-07-01	/p/BRAIN_DRAIN/Data/pooled/returners_cbsa_25.csv
198031	2026-07-01	/p/BRAIN_DRAIN/Data/pooled/returners_cbsa_5.csv
96604	2026-07-01	/p/BRAIN_DRAIN/Data/pooled/returners_state_10.csv
130175	2026-07-01	/p/BRAIN_DRAIN/Data/pooled/returners_state_25.csv
71947	2026-07-01	/p/BRAIN_DRAIN/Data/pooled/returners_state_5.csv
919	2026-07-01	/p/BRAIN_DRAIN/Data/pooled/return_levels_cbsa.csv
921	2026-07-01	/p/BRAIN_DRAIN/Data/pooled/return_levels_state.csv
232	2026-07-01	/p/BRAIN_DRAIN/Data/pooled/sample_values.rds
1124648	2026-07-01	/p/BRAIN_DRAIN/Data/pooled/state_stocks.csv
520697	2026-07-01	/p/BRAIN_DRAIN/Data/pooled/tie_stocks.csv
0	2026-07-01	/p/BRAIN_DRAIN/Data/Postsecondary.csv
1233	2026-07-01	/p/BRAIN_DRAIN/Data/post_2000/all_bin_shares_cbsa_10.csv
2941	2026-07-01	/p/BRAIN_DRAIN/Data/post_2000/all_bin_shares_cbsa_25.csv
672	2026-07-01	/p/BRAIN_DRAIN/Data/post_2000/all_bin_shares_cbsa_5.csv
1229	2026-07-01	/p/BRAIN_DRAIN/Data/post_2000/all_bin_shares_state_10.csv
2928	2026-07-01	/p/BRAIN_DRAIN/Data/post_2000/all_bin_shares_state_25.csv
673	2026-07-01	/p/BRAIN_DRAIN/Data/post_2000/all_bin_shares_state_5.csv
28403166	2026-07-01	/p/BRAIN_DRAIN/Data/post_2000/all_deg.csv
351915	2026-07-01	/p/BRAIN_DRAIN/Data/post_2000/bin_cbsa_10.csv
379255	2026-07-01	/p/BRAIN_DRAIN/Data/post_2000/bin_cbsa_25.csv
249501	2026-07-01	/p/BRAIN_DRAIN/Data/post_2000/bin_cbsa_5.csv
229388	2026-07-01	/p/BRAIN_DRAIN/Data/post_2000/bin_state_10.csv
317648	2026-07-01	/p/BRAIN_DRAIN/Data/post_2000/bin_state_25.csv
166738	2026-07-01	/p/BRAIN_DRAIN/Data/post_2000/bin_state_5.csv
879078	2026-07-01	/p/BRAIN_DRAIN/Data/post_2000/business_deg.csv
21300	2026-07-01	/p/BRAIN_DRAIN/Data/post_2000/coef_data_semi.csv
1861	2026-07-01	/p/BRAIN_DRAIN/Data/post_2000/compliers.csv
19167	2026-07-01	/p/BRAIN_DRAIN/Data/post_2000/dens_sam.csv
2380899	2026-07-01	/p/BRAIN_DRAIN/Data/post_2000/destination_cbsa.csv
983969	2026-07-01	/p/BRAIN_DRAIN/Data/post_2000/destination_state.csv
3534	2026-07-01	/p/BRAIN_DRAIN/Data/post_2000/directed_2000_2005.csv
3590	2026-07-01	/p/BRAIN_DRAIN/Data/post_2000/directed_2001_2006.csv
3621	2026-07-01	/p/BRAIN_DRAIN/Data/post_2000/directed_2002_2007.csv
3634	2026-07-01	/p/BRAIN_DRAIN/Data/post_2000/directed_2003_2008.csv
3681	2026-07-01	/p/BRAIN_DRAIN/Data/post_2000/directed_2004_2009.csv
3689	2026-07-01	/p/BRAIN_DRAIN/Data/post_2000/directed_2005_2010.csv
3704	2026-07-01	/p/BRAIN_DRAIN/Data/post_2000/directed_2006_2011.csv
3719	2026-07-01	/p/BRAIN_DRAIN/Data/post_2000/directed_2007_2012.csv
3719	2026-07-01	/p/BRAIN_DRAIN/Data/post_2000/directed_2008_2013.csv
3735	2026-07-01	/p/BRAIN_DRAIN/Data/post_2000/directed_2009_2014.csv
3726	2026-07-01	/p/BRAIN_DRAIN/Data/post_2000/directed_2010_2015.csv
3753	2026-07-01	/p/BRAIN_DRAIN/Data/post_2000/directed_2011_2016.csv
3742	2026-07-01	/p/BRAIN_DRAIN/Data/post_2000/directed_2012_2017.csv
879078	2026-07-01	/p/BRAIN_DRAIN/Data/post_2000/engineering_deg.csv
766	2026-07-01	/p/BRAIN_DRAIN/Data/post_2000/fraction_cohort.csv
14204	2026-07-01	/p/BRAIN_DRAIN/Data/post_2000/group_semi_elasticities.csv
2510	2026-07-01	/p/BRAIN_DRAIN/Data/post_2000/hs_shock_year_cbsa.csv
2512	2026-07-01	/p/BRAIN_DRAIN/Data/post_2000/hs_shock_year_state.csv
49249	2026-07-01	/p/BRAIN_DRAIN/Data/post_2000/instate_li.csv
329	2026-07-01	/p/BRAIN_DRAIN/Data/post_2000/inst_levels.csv
936	2026-07-01	/p/BRAIN_DRAIN/Data/post_2000/leaver_levels_cbsa.csv
1166	2026-07-01	/p/BRAIN_DRAIN/Data/post_2000/leaver_levels_state.csv
485	2026-07-01	/p/BRAIN_DRAIN/Data/post_2000/li_deg_awarded.csv
191840	2026-07-01	/p/BRAIN_DRAIN/Data/post_2000/li_inst.csv
27004	2026-07-01	/p/BRAIN_DRAIN/Data/post_2000/local_differences.csv
1947563	2026-07-01	/p/BRAIN_DRAIN/Data/post_2000/local_stocks.csv
51189	2026-07-01	/p/BRAIN_DRAIN/Data/post_2000/local_ties_cbsa.csv
6527	2026-07-01	/p/BRAIN_DRAIN/Data/post_2000/local_ties_state.csv
80344	2026-07-01	/p/BRAIN_DRAIN/Data/post_2000/net_cbsa.csv
10327	2026-07-01	/p/BRAIN_DRAIN/Data/post_2000/net_state.csv
1077	2026-07-01	/p/BRAIN_DRAIN/Data/post_2000/occp_inst_group.csv
231	2026-07-01	/p/BRAIN_DRAIN/Data/post_2000/outsample_values.rds
26	2026-07-01	/p/BRAIN_DRAIN/Data/post_2000/quantiles_sam.csv
240	2026-07-01	/p/BRAIN_DRAIN/Data/post_2000/restrict_values.rds
346683	2026-07-01	/p/BRAIN_DRAIN/Data/post_2000/returners_cbsa_10.csv
126723	2026-07-01	/p/BRAIN_DRAIN/Data/post_2000/returners_cbsa_25.csv
192978	2026-07-01	/p/BRAIN_DRAIN/Data/post_2000/returners_cbsa_5.csv
96604	2026-07-01	/p/BRAIN_DRAIN/Data/post_2000/returners_state_10.csv
130175	2026-07-01	/p/BRAIN_DRAIN/Data/post_2000/returners_state_25.csv
71947	2026-07-01	/p/BRAIN_DRAIN/Data/post_2000/returners_state_5.csv
911	2026-07-01	/p/BRAIN_DRAIN/Data/post_2000/return_levels_cbsa.csv
912	2026-07-01	/p/BRAIN_DRAIN/Data/post_2000/return_levels_state.csv
232	2026-07-01	/p/BRAIN_DRAIN/Data/post_2000/sample_values.rds
1124648	2026-07-01	/p/BRAIN_DRAIN/Data/post_2000/state_stocks.csv
301268	2026-07-01	/p/BRAIN_DRAIN/Data/post_2000/tie_stocks.csv
241449	2026-07-01	/p/BRAIN_DRAIN/Data/post_2000/tie_stocks_alt.csv
1319373	2026-07-01	/p/BRAIN_DRAIN/Data/post_2000/total_deg.csv
1293	2026-07-01	/p/BRAIN_DRAIN/Data/pre_2000/all_bin_shares_cbsa_10.csv
732	2026-07-01	/p/BRAIN_DRAIN/Data/pre_2000/all_bin_shares_cbsa_5.csv
355048	2026-07-01	/p/BRAIN_DRAIN/Data/pre_2000/bin_cbsa_10.csv
249331	2026-07-01	/p/BRAIN_DRAIN/Data/pre_2000/bin_cbsa_5.csv
22123	2026-07-01	/p/BRAIN_DRAIN/Data/pre_2000/coef_data_semi.csv
1861	2026-07-01	/p/BRAIN_DRAIN/Data/pre_2000/compliers.csv
19153	2026-07-01	/p/BRAIN_DRAIN/Data/pre_2000/dens_sam.csv
2380899	2026-07-01	/p/BRAIN_DRAIN/Data/pre_2000/destination_cbsa.csv
983969	2026-07-01	/p/BRAIN_DRAIN/Data/pre_2000/destination_state.csv
3534	2026-07-01	/p/BRAIN_DRAIN/Data/pre_2000/directed_2000_2005.csv
3590	2026-07-01	/p/BRAIN_DRAIN/Data/pre_2000/directed_2001_2006.csv
3621	2026-07-01	/p/BRAIN_DRAIN/Data/pre_2000/directed_2002_2007.csv
3634	2026-07-01	/p/BRAIN_DRAIN/Data/pre_2000/directed_2003_2008.csv
3681	2026-07-01	/p/BRAIN_DRAIN/Data/pre_2000/directed_2004_2009.csv
3689	2026-07-01	/p/BRAIN_DRAIN/Data/pre_2000/directed_2005_2010.csv
3704	2026-07-01	/p/BRAIN_DRAIN/Data/pre_2000/directed_2006_2011.csv
3719	2026-07-01	/p/BRAIN_DRAIN/Data/pre_2000/directed_2007_2012.csv
3719	2026-07-01	/p/BRAIN_DRAIN/Data/pre_2000/directed_2008_2013.csv
3735	2026-07-01	/p/BRAIN_DRAIN/Data/pre_2000/directed_2009_2014.csv
3726	2026-07-01	/p/BRAIN_DRAIN/Data/pre_2000/directed_2010_2015.csv
3753	2026-07-01	/p/BRAIN_DRAIN/Data/pre_2000/directed_2011_2016.csv
3742	2026-07-01	/p/BRAIN_DRAIN/Data/pre_2000/directed_2012_2017.csv
766	2026-07-01	/p/BRAIN_DRAIN/Data/pre_2000/fraction_cohort.csv
14342	2026-07-01	/p/BRAIN_DRAIN/Data/pre_2000/group_semi_elasticities.csv
3164	2026-07-01	/p/BRAIN_DRAIN/Data/pre_2000/hs_shock_year_cbsa.csv
3166	2026-07-01	/p/BRAIN_DRAIN/Data/pre_2000/hs_shock_year_state.csv
49249	2026-07-01	/p/BRAIN_DRAIN/Data/pre_2000/instate_li.csv
329	2026-07-01	/p/BRAIN_DRAIN/Data/pre_2000/inst_levels.csv
928	2026-07-01	/p/BRAIN_DRAIN/Data/pre_2000/leaver_levels_cbsa.csv
1152	2026-07-01	/p/BRAIN_DRAIN/Data/pre_2000/leaver_levels_state.csv
485	2026-07-01	/p/BRAIN_DRAIN/Data/pre_2000/li_deg_awarded.csv
191840	2026-07-01	/p/BRAIN_DRAIN/Data/pre_2000/li_inst.csv
27011	2026-07-01	/p/BRAIN_DRAIN/Data/pre_2000/local_differences.csv
1947563	2026-07-01	/p/BRAIN_DRAIN/Data/pre_2000/local_stocks.csv
51189	2026-07-01	/p/BRAIN_DRAIN/Data/pre_2000/local_ties_cbsa.csv
6527	2026-07-01	/p/BRAIN_DRAIN/Data/pre_2000/local_ties_state.csv
80344	2026-07-01	/p/BRAIN_DRAIN/Data/pre_2000/net_cbsa.csv
10327	2026-07-01	/p/BRAIN_DRAIN/Data/pre_2000/net_state.csv
391	2026-07-01	/p/BRAIN_DRAIN/Data/pre_2000/occp_inst_group.csv
231	2026-07-01	/p/BRAIN_DRAIN/Data/pre_2000/outsample_values.rds
26	2026-07-01	/p/BRAIN_DRAIN/Data/pre_2000/quantiles_sam.csv
239	2026-07-01	/p/BRAIN_DRAIN/Data/pre_2000/restrict_values.rds
221203	2026-07-01	/p/BRAIN_DRAIN/Data/pre_2000/returners_cbsa_10.csv
137702	2026-07-01	/p/BRAIN_DRAIN/Data/pre_2000/returners_cbsa_5.csv
907	2026-07-01	/p/BRAIN_DRAIN/Data/pre_2000/return_levels_cbsa.csv
908	2026-07-01	/p/BRAIN_DRAIN/Data/pre_2000/return_levels_state.csv
232	2026-07-01	/p/BRAIN_DRAIN/Data/pre_2000/sample_values.rds
1124648	2026-07-01	/p/BRAIN_DRAIN/Data/pre_2000/state_stocks.csv
505293	2026-07-01	/p/BRAIN_DRAIN/Data/pre_2000/tie_stocks.csv
0	2026-07-01	/p/BRAIN_DRAIN/Data/Private15.xlsx
0	2026-07-01	/p/BRAIN_DRAIN/Data/Public15.xlsx
1670028	2026-07-01	/p/BRAIN_DRAIN/Data/raw_deg_award
12679696	2026-07-01	/p/BRAIN_DRAIN/Data/raw_unmatched_strings.csv
4100702	2026-07-01	/p/BRAIN_DRAIN/Data/raw_unmatched_strings.rds
5499040	2026-07-01	/p/BRAIN_DRAIN/Data/regression_data.csv
0	2026-07-01	/p/BRAIN_DRAIN/Data/return_rate_layout.xlsx
324820	2026-07-01	/p/BRAIN_DRAIN/Data/rsid_id_dup_crosswalk.rds
373678	2026-07-01	/p/BRAIN_DRAIN/Data/rsid_wo_col.csv
1959998	2026-07-01	/p/BRAIN_DRAIN/Data/schools.rds
596	2026-07-01	/p/BRAIN_DRAIN/Data/state_fips.rds
0	2026-07-01	/p/BRAIN_DRAIN/Data/state_list.xlsx
2215	2026-07-01	/p/BRAIN_DRAIN/Data/summary_demographics.csv
1042	2026-07-01	/p/BRAIN_DRAIN/Data/summary_demographics.rds
0	2026-07-01	/p/BRAIN_DRAIN/Data/totals_cbsa.csv
0	2026-07-01	/p/BRAIN_DRAIN/Data/totals_cbsa.xlsx
3841	2026-07-01	/p/BRAIN_DRAIN/Data/transfer_code.csv
37610	2026-07-01	/p/BRAIN_DRAIN/Data/transfer_inventory.csv
12548	2026-07-01	/p/BRAIN_DRAIN/Data/transfer_outputs.csv
269731	2026-07-01	/p/BRAIN_DRAIN/Data/unmatched_cc.csv
93899	2026-07-01	/p/BRAIN_DRAIN/Data/unmatched_cc.rds
267148	2026-07-01	/p/BRAIN_DRAIN/Data/unmatched_col.csv
92672	2026-07-01	/p/BRAIN_DRAIN/Data/unmatched_col.rds
345559	2026-07-01	/p/BRAIN_DRAIN/Data/unmatched_hs.rds
0	2026-07-01	/p/BRAIN_DRAIN/Data/WholeData Data Dictionary.pdf
165	2026-07-01	/p/BRAIN_DRAIN/Data/~$education.xlsx
165	2026-07-01	/p/BRAIN_DRAIN/Data/~$occupation.xlsx
165	2026-07-01	/p/BRAIN_DRAIN/Data/~$persistent_match_issues.xlsx
