a4a0d7451b047b3d09a158ec2b347386c6a4e5bf5473be0c706b9137c4eaf720	22532	2026-07-01	/p/BRAIN_DRAIN/Data/.DS_Store
c1c47238b2f06f65f8e973cee39b23a60f0a8740979faec6dfb53eafb132ed03	8196	2026-07-01	/p/BRAIN_DRAIN/Data/01/.DS_Store
b078dbe56a47fe336afa79eb09831db59a52ec0b2154c4856fced99d32c55936	48496	2026-07-01	/p/BRAIN_DRAIN/Data/01/barrons_mod.xlsx
72d94ebf750a58bf36bbb57149f0e36ab72a04e8c7d0a66ddc00a9c80152b638	90751	2026-07-01	/p/BRAIN_DRAIN/Data/01/CBSACrosswalk.csv
b46fa990500938b1ae106fe9cead356988bcfaaf952f90ddb2acb38385601137	941152	2026-07-01	/p/BRAIN_DRAIN/Data/01/chetty_college.xlsx
5423396d375108d784f35edb1e0881a54b058055a83462cb132f9db9a83d9dc6	23996269	2026-07-01	/p/BRAIN_DRAIN/Data/01/counties.xlsx
6adbcc31442e62fa649298a2d767704f22fd0a2c55dc7bdc433bd57e36878bd2	6148	2026-07-01	/p/BRAIN_DRAIN/Data/01/Crosswalks/.DS_Store
e77e9c294a771ac74d45b902c19cc1b78de2ea2c0c604aa47b742bc6b3f779ea	2517621	2026-07-01	/p/BRAIN_DRAIN/Data/01/Crosswalks/CW2000.xlsx
d7c3a1fd8c3ae15bad291ef9f4142c073eb20f1d0b82617c1d8ccce54f80297f	2498218	2026-07-01	/p/BRAIN_DRAIN/Data/01/Crosswalks/CW2001.xlsx
71299279ba35d1922f06bb2535e183674d7df05e4a73f007a4b1e1993f5df028	2311443	2026-07-01	/p/BRAIN_DRAIN/Data/01/Crosswalks/CW2002.xlsx
9fef61175c827a5295e7434f7c0e2979af10ccb9bcb01ecb856c275dc1e8d57c	2254474	2026-07-01	/p/BRAIN_DRAIN/Data/01/Crosswalks/CW2003.xlsx
a86aa19b9a3fdc34bdba0bb1da308666ff1f230fb8b57154304f03266e7fdbf9	2231943	2026-07-01	/p/BRAIN_DRAIN/Data/01/Crosswalks/CW2004.xlsx
568efd950f4ccada843c4f7c87d1d5b732fb82b7ab6ea3f7952b6abc52cc3625	2162895	2026-07-01	/p/BRAIN_DRAIN/Data/01/Crosswalks/CW2005.xlsx
61355402e84f96d59d1149d6ef824663ccd21b512d123113923fdb2325e82db5	2233281	2026-07-01	/p/BRAIN_DRAIN/Data/01/Crosswalks/CW2006.xlsx
103947f88848b1af7422550cab75f2e9774bcac0aea635af184d07696ad13c7c	2334699	2026-07-01	/p/BRAIN_DRAIN/Data/01/Crosswalks/CW2007.xlsx
494f1ab0c04140d1a6105f0e606b3075309f00ffd8aecd6b5a86478b4997252c	2432644	2026-07-01	/p/BRAIN_DRAIN/Data/01/Crosswalks/CW2008.xlsx
c18d7f45f30921bd1cfbb0d1e5436b6cc777a33739906896b94e042ecf14e3c8	2587270	2026-07-01	/p/BRAIN_DRAIN/Data/01/Crosswalks/CW2009.xlsx
e5b90c7cc00fb4573084a49693a3ad3fb45b11c87333da0b7bc83e283f7704a4	2699373	2026-07-01	/p/BRAIN_DRAIN/Data/01/Crosswalks/CW2010.xlsx
3b3cb0fc3674b997fb3d3271fbbb23adbbf8e4ee6077420976e50afc73d6e71d	2785145	2026-07-01	/p/BRAIN_DRAIN/Data/01/Crosswalks/CW2011.xlsx
75c3c90cb27c651bdadfaf8e371b85edc2ee84758db626dc669802aa4eafc85e	2823785	2026-07-01	/p/BRAIN_DRAIN/Data/01/Crosswalks/CW2012.xlsx
ce8336278508515d69ef37e13663b89c8d69e3e30f63f2ae14999a71f508d700	2795397	2026-07-01	/p/BRAIN_DRAIN/Data/01/Crosswalks/CW2013.xlsx
278a90cf7f657cb563ad864c9dd1a63d826455ac4094da24a183b006edc3d616	2799469	2026-07-01	/p/BRAIN_DRAIN/Data/01/Crosswalks/CW2014.xlsx
62c3e4e57d48bba67cde6ae3fc8d19219f909e0d429e344a42b7e5e07aa91511	2774247	2026-07-01	/p/BRAIN_DRAIN/Data/01/Crosswalks/CW2015.xlsx
7cc4f356cdd19f8f647c09b5b3e9cd23255101bbf5c2d14d87377d54d952b38d	2754363	2026-07-01	/p/BRAIN_DRAIN/Data/01/Crosswalks/CW2016.xlsx
c87063aeb8385b562b354fec57af26190b7d274151d4294acfe98eec270a5b22	2700642	2026-07-01	/p/BRAIN_DRAIN/Data/01/Crosswalks/CW2017.xlsx
6e892bb393c5f26c4c825c5f3f31b327d2bdd6088b0b0a645c07c9419ff6ea09	2639180	2026-07-01	/p/BRAIN_DRAIN/Data/01/Crosswalks/CW2018.xlsx
0899b4afdbb08585a504f7a9b1e40a69603331fd394419d755700c2161db4336	2588702	2026-07-01	/p/BRAIN_DRAIN/Data/01/Crosswalks/CW2019.xlsx
f979628438f44406143da671355febf2781ec66c4f2b771081bb420f391175d3	2530819	2026-07-01	/p/BRAIN_DRAIN/Data/01/Crosswalks/CW2020.xlsx
492c3ff8eb8c54300de2fa327b0823ae7888a072f084d3fc6991935834359188	2517022	2026-07-01	/p/BRAIN_DRAIN/Data/01/Crosswalks/CW2021.xlsx
33dfab300c5f5eb1dde3087d7a0d62dc533814d0f58f410cdb08cea79737cb84	2478965	2026-07-01	/p/BRAIN_DRAIN/Data/01/Crosswalks/CW2022_preliminary.xlsx
e6a4ecefb821b8252b533a8f0ef4457be335002262010157c669ad6348c79f0b	433012	2026-07-01	/p/BRAIN_DRAIN/Data/01/Crosswalks/mrc_table11.csv
a56509277035f865d54f697560634f21da3e36da0c983cc6f72ebb79ec3b73eb	165	2026-07-01	/p/BRAIN_DRAIN/Data/01/Crosswalks/~$CW2000.xlsx
a56509277035f865d54f697560634f21da3e36da0c983cc6f72ebb79ec3b73eb	165	2026-07-01	/p/BRAIN_DRAIN/Data/01/Crosswalks/~$CW2021.xlsx
a56509277035f865d54f697560634f21da3e36da0c983cc6f72ebb79ec3b73eb	165	2026-07-01	/p/BRAIN_DRAIN/Data/01/Crosswalks/~$CW2022_preliminary.xlsx
c8044b473a2b457355f0f61dd805f0203d3ad5922a307dc8a54a40c897f7db88	9416	2026-07-01	/p/BRAIN_DRAIN/Data/01/ct_counties.xlsx
0e804468cc5bb5d55ef0bf547dbe97aad79e93ee5586a6918c88efa305674b6c	4087545	2026-07-01	/p/BRAIN_DRAIN/Data/01/ipeds_hd2021.csv
2acc42bc79c43641499ace3526786d635fdb3ad89a84444e58f90cfcd513d3ec	170767	2026-07-01	/p/BRAIN_DRAIN/Data/01/msa_2020.csv
aec785509809ca132f7b20824e5306199606bdb3603b4a77d36b712c2da12df5	82265	2026-07-01	/p/BRAIN_DRAIN/Data/01/msa_2020.xlsx
8339355ac189549620e8c3c3021eba4b82841a6d4874f9fa689664b47af64e47	5582459	2026-07-01	/p/BRAIN_DRAIN/Data/01/Private.csv
1d3c930a4b7b27cbe84000b56fd0fe820b3c5e12ae57cd75c12b6d836eaa4d5d	42879198	2026-07-01	/p/BRAIN_DRAIN/Data/01/Public.csv
b19af3eaba3e688c44cc172d9946a213a0bdea3d0395b889165ad46f10de50cd	73507	2026-07-01	/p/BRAIN_DRAIN/Data/01/unified_cbsa.csv
6e68199f1299bf9818a42ed14a95a92c88fb5896885d8a4ec046122c15184904	3821010463	2026-07-01	/p/BRAIN_DRAIN/Data/02/.ArchiveServiceTemp.sb-deb9990c-ffJfij/uwdbhdlkbnzhaqxd.csv
c35f9057b6f92d9ed7f6c14aa32c6601fb105c63f02c1838cbf522bae9c2c5fe	6148	2026-07-01	/p/BRAIN_DRAIN/Data/02/.DS_Store
1a6ae092c344b5f8f848d903aa5645ad50669d7eea8b93bbc65e82e37e28a662	20411614563	2026-07-01	/p/BRAIN_DRAIN/Data/02/2026.04.09_demographics.csv.zip
1eb1329542fd4e5c072965b3fbe3606739b924878e784c08ffe0a40f63858953	45919259557	2026-07-01	/p/BRAIN_DRAIN/Data/02/2026.04.09_education.csv
bc4cc94f4db8c3cb91b3e4e2e903748e6b00e0790c75a26582a11b6af7b1d7cb	152015510	2026-07-01	/p/BRAIN_DRAIN/Data/02/both_demo.rds
7f5d6050f1c4c60523d8ee4ede8ab9215c02a0365777d1d0ac1b44d781076f1e	2662634	2026-07-01	/p/BRAIN_DRAIN/Data/02/institution_crosswalk.csv
026f821cbf30cb0ff243dcbdcfc38e044f9f9f350105165f639a77e4abb73d77	609849	2026-07-01	/p/BRAIN_DRAIN/Data/02/inst_counts.csv
8f1ea3c0b8c69128c22a166487f8bf3684ac638ccbb71a7d5506115713652741	1970532	2026-07-01	/p/BRAIN_DRAIN/Data/02/misfits_2.csv
321620e071ab8b0b15c2a9cb8bf7b1cb4a63e862220ea5d4b743d5cb96bab031	3673361	2026-07-01	/p/BRAIN_DRAIN/Data/02/misfits_3.csv
cf686bdcdf78ab914b5d093adc164641c93a0b9df046a46dfedcf41d27c3014b	5458033	2026-07-01	/p/BRAIN_DRAIN/Data/02/misfits_correction.csv
b864bc3b91764c6a2d7c3d2f379901627df84a57640fbdbcf9f385c4fc90b356	262892	2026-07-01	/p/BRAIN_DRAIN/Data/02/misfits_helper.xlsx
714e7565e3f5224f525cff688101e02c8a188bf049c550a95b10818d5f3b4372	6563564	2026-07-01	/p/BRAIN_DRAIN/Data/02/misfit_counts.csv
a5c8afd09ccd6c59a221b1525fd2ea855324da03941c3fefe6a671704a87e0f8	431642743	2026-07-01	/p/BRAIN_DRAIN/Data/02/raw_educ_STATES.csv
bdc50e9aafb1d64d6d64a454b6de443f4e20ab4e625587626ebab3b52dbf8320	5363637185	2026-07-01	/p/BRAIN_DRAIN/Data/02/raw_educ_STATES_AK-MD.csv
483ee5d6946160443991b34e7e689223a6056655d07ce58cba4d42cb130a5aa9	6161357211	2026-07-01	/p/BRAIN_DRAIN/Data/02/raw_educ_STATES_MI-WY.csv
EMPTY_FILE	0	2026-07-01	/p/BRAIN_DRAIN/Data/02/sampled_MI-WY.csv
0f7020ed0820403e973688722f2706669f733f0a638a5838c190b081a1561a86	5363634621	2026-07-01	/p/BRAIN_DRAIN/Data/02/STATES_AK-MD.csv
a434135a5f6abebdce7e1c106c1373c1bc8009fcb962d8fe081ae61ac79e4fd2	69313728101	2026-07-01	/p/BRAIN_DRAIN/Data/02/uwdbhdlkbnzhaqxd.csv
a56509277035f865d54f697560634f21da3e36da0c983cc6f72ebb79ec3b73eb	165	2026-07-01	/p/BRAIN_DRAIN/Data/02/~$misfits_helper.xlsx
48c8ac74c2a909944f504378be73a82a198f34fdc1fac02e4a12890a68655df0	6148	2026-07-01	/p/BRAIN_DRAIN/Data/03/.DS_Store
6695d58d8276e1fd1c4dc37b9d60e0f7e64b96e8e4cb9b55d244f724c77c333e	4805750991	2026-07-01	/p/BRAIN_DRAIN/Data/03/2026.04.09_pos_2000.csv.zip
fdcef350c6c37145f2684cad20de7ee1341c9822f68dac1ddc0d504d386ec738	18329892305	2026-07-01	/p/BRAIN_DRAIN/Data/03/2026.04.09_pos_2001.csv.zip
f0e4a8614296d96c516fbb9f339d3e86bc9eae5a28cfb2e06a2cda63dede8ce6	18816178601	2026-07-01	/p/BRAIN_DRAIN/Data/03/2026.04.09_pos_2002.csv.zip
3279baa4ea9bdad9400874239f2ee9d11d2b18d83f556f80c83ab3fdda9d9eec	19142437893	2026-07-01	/p/BRAIN_DRAIN/Data/03/2026.04.09_pos_2003.csv.zip
695d2f0d79837be120070cf109e4ea554cd5b2e7441f52db4356516d82a41127	20196948052	2026-07-01	/p/BRAIN_DRAIN/Data/03/2026.04.09_pos_2004.csv.zip
d6fc3005c2bc41167a14d25aa5e602b2033f70e6a97bffdedf4ccdcff06cc3bd	21182051918	2026-07-01	/p/BRAIN_DRAIN/Data/03/2026.04.09_pos_2005.csv.zip
125bf0b87634342d017433ece06755a024164ee5c2b25e643967901d7092ef33	22174271461	2026-07-01	/p/BRAIN_DRAIN/Data/03/2026.04.09_pos_2006.csv.zip
8dd870488a23487bcbaab5b45beeade3967ab1b6551888821e5b6cf3f53b9ecc	23407074888	2026-07-01	/p/BRAIN_DRAIN/Data/03/2026.04.09_pos_2007.csv.zip
97222b74e06fce3300cf2a41323471207634770dff79a6d362548f4041d8fbb1	24199483664	2026-07-01	/p/BRAIN_DRAIN/Data/03/2026.04.09_pos_2008.csv.zip
fa71e830fae092bf34427e488af3dd1694ed6721689bdba45aa20eeb6b5e7a81	25339923764	2026-07-01	/p/BRAIN_DRAIN/Data/03/2026.04.09_pos_2009.csv.zip
cf32e3de0aae61ec72c2b2dd577ea242d1f7a417308b8aeb118a2780d5d4d78c	26606917748	2026-07-01	/p/BRAIN_DRAIN/Data/03/2026.04.10_pos_2010.csv.zip
0eb5411e1583aa209184b40b13ed50cfa18b842f49b59521c7c1c5f0e1e6fdf1	28076503412	2026-07-01	/p/BRAIN_DRAIN/Data/03/2026.04.10_pos_2011.csv.zip
87f251944e78cbfeba178f34316886750d2c64bbcb08d24c6ee956bd0c583505	29601227714	2026-07-01	/p/BRAIN_DRAIN/Data/03/2026.04.10_pos_2012.csv.zip
2afb8b8841d26cc8112567736dfee83442fd1d8ae50594d8eca947fc60f99d56	30964888865	2026-07-01	/p/BRAIN_DRAIN/Data/03/2026.04.10_pos_2013.csv.zip
bbfe3ca5f76ab3ce71d59d0bbea7d809e14aba82aa096015796790a3dee7814d	32472728832	2026-07-01	/p/BRAIN_DRAIN/Data/03/2026.04.10_pos_2014.csv.zip
603f1392c52022fd6a33da84770c2f131fcccf10b073a3b49a0621f3103e3d8f	33978865186	2026-07-01	/p/BRAIN_DRAIN/Data/03/2026.04.10_pos_2015.csv.zip
d8876dd2abb0c713fc68f36890dd335faed600882c2b04b7092e6b440140d70f	35885369054	2026-07-01	/p/BRAIN_DRAIN/Data/03/2026.04.10_pos_2016.csv.zip
4304a17f120b25a36e8c51d6cf2f9eea08ec1a31ef59c43d2841d4981391af8d	40732870116	2026-07-01	/p/BRAIN_DRAIN/Data/03/2026.04.10_pos_2019.csv.zip
HASH_ERROR	41926782719	2026-07-01	/p/BRAIN_DRAIN/Data/03/2026.04.10_pos_2020.csv.zip
HASH_ERROR	43474561894	2026-07-01	/p/BRAIN_DRAIN/Data/03/2026.04.10_pos_2021.csv.zip
HASH_ERROR	45780235992	2026-07-01	/p/BRAIN_DRAIN/Data/03/2026.04.10_pos_2022.csv.zip
HASH_ERROR	46332310862	2026-07-01	/p/BRAIN_DRAIN/Data/03/2026.04.10_pos_2023.csv.zip
HASH_ERROR	45038567970	2026-07-01	/p/BRAIN_DRAIN/Data/03/2026.04.10_pos_2025.csv.zip
HASH_ERROR	53256452200	2026-07-01	/p/BRAIN_DRAIN/Data/03/cleaned_pos_educ_STATES_AK-MD.csv
HASH_ERROR	62142870080	2026-07-01	/p/BRAIN_DRAIN/Data/03/cleaned_pos_educ_STATES_MI-WY.csv
HASH_ERROR	161	2026-07-01	/p/BRAIN_DRAIN/Data/03/msa_string_cleaning.csv
HASH_ERROR	10296	2026-07-01	/p/BRAIN_DRAIN/Data/03/msa_string_cleaning.xlsx
HASH_ERROR	891692	2026-07-01	/p/BRAIN_DRAIN/Data/03/zipcodes.csv
HASH_ERROR	116865881	2026-07-01	/p/BRAIN_DRAIN/Data/04/cbp19co.txt
HASH_ERROR	104653260	2026-07-01	/p/BRAIN_DRAIN/Data/04/cbp20co.txt
HASH_ERROR	105433378	2026-07-01	/p/BRAIN_DRAIN/Data/04/cbp21co.txt
HASH_ERROR	106543178	2026-07-01	/p/BRAIN_DRAIN/Data/04/cbp22co.txt
HASH_ERROR	7427833	2026-07-01	/p/BRAIN_DRAIN/Data/04/cbsa_shock.csv
HASH_ERROR	1313661755	2026-07-01	/p/BRAIN_DRAIN/Data/04/efsy_panel_naics.csv
HASH_ERROR	1006407	2026-07-01	/p/BRAIN_DRAIN/Data/04/shares.csv
HASH_ERROR	83196309	2026-07-01	/p/BRAIN_DRAIN/Data/04/shifts.csv
HASH_ERROR	6297	2026-07-01	/p/BRAIN_DRAIN/Data/04/w_share.csv
HASH_ERROR	37623	2026-07-01	/p/BRAIN_DRAIN/Data/05/all_bin_shares_10.csv
HASH_ERROR	94545	2026-07-01	/p/BRAIN_DRAIN/Data/05/all_bin_shares_25.csv
HASH_ERROR	22604	2026-07-01	/p/BRAIN_DRAIN/Data/05/all_bin_shares_5.csv
HASH_ERROR	1217	2026-07-01	/p/BRAIN_DRAIN/Data/05/all_bin_shares_cbsa_10.csv
HASH_ERROR	3039	2026-07-01	/p/BRAIN_DRAIN/Data/05/all_bin_shares_cbsa_25.csv
HASH_ERROR	671	2026-07-01	/p/BRAIN_DRAIN/Data/05/all_bin_shares_cbsa_5.csv
HASH_ERROR	1314	2026-07-01	/p/BRAIN_DRAIN/Data/05/all_bin_shares_state_10.csv
HASH_ERROR	3038	2026-07-01	/p/BRAIN_DRAIN/Data/05/all_bin_shares_state_25.csv
HASH_ERROR	751	2026-07-01	/p/BRAIN_DRAIN/Data/05/all_bin_shares_state_5.csv
HASH_ERROR	392870	2026-07-01	/p/BRAIN_DRAIN/Data/05/bin_10.csv
HASH_ERROR	1081265	2026-07-01	/p/BRAIN_DRAIN/Data/05/bin_25.csv
HASH_ERROR	315553	2026-07-01	/p/BRAIN_DRAIN/Data/05/bin_5.csv
HASH_ERROR	272193	2026-07-01	/p/BRAIN_DRAIN/Data/05/bin_5.xlsx
HASH_ERROR	268398	2026-07-01	/p/BRAIN_DRAIN/Data/05/bin_cbsa_10.csv
HASH_ERROR	1046321	2026-07-01	/p/BRAIN_DRAIN/Data/05/bin_cbsa_25.csv
HASH_ERROR	192020	2026-07-01	/p/BRAIN_DRAIN/Data/05/bin_cbsa_5.csv
HASH_ERROR	469599	2026-07-01	/p/BRAIN_DRAIN/Data/05/bin_state_10.csv
HASH_ERROR	1014447	2026-07-01	/p/BRAIN_DRAIN/Data/05/bin_state_25.csv
HASH_ERROR	295659	2026-07-01	/p/BRAIN_DRAIN/Data/05/bin_state_5.csv
HASH_ERROR	185959	2026-07-01	/p/BRAIN_DRAIN/Data/05/li_inst.csv
HASH_ERROR	1947274	2026-07-01	/p/BRAIN_DRAIN/Data/05/local_stocks.csv
HASH_ERROR	20331	2026-07-01	/p/BRAIN_DRAIN/Data/05/microdata_sample.csv
HASH_ERROR	2886355924	2026-07-01	/p/BRAIN_DRAIN/Data/05/raw_microdata.csv
HASH_ERROR	15547388	2026-07-01	/p/BRAIN_DRAIN/Data/05/return.csv
HASH_ERROR	94792	2026-07-01	/p/BRAIN_DRAIN/Data/05/returners_cbsa_10.csv
HASH_ERROR	953292	2026-07-01	/p/BRAIN_DRAIN/Data/05/returners_cbsa_25.csv
HASH_ERROR	71555	2026-07-01	/p/BRAIN_DRAIN/Data/05/returners_cbsa_5.csv
HASH_ERROR	360477	2026-07-01	/p/BRAIN_DRAIN/Data/05/returners_state_10.csv
HASH_ERROR	951593	2026-07-01	/p/BRAIN_DRAIN/Data/05/returners_state_25.csv
HASH_ERROR	198721	2026-07-01	/p/BRAIN_DRAIN/Data/05/returners_state_5.csv
HASH_ERROR	40444957	2026-07-01	/p/BRAIN_DRAIN/Data/05/return_occp.csv
HASH_ERROR	1123619	2026-07-01	/p/BRAIN_DRAIN/Data/05/state_stocks.csv
HASH_ERROR	11443	2026-07-01	/p/BRAIN_DRAIN/Data/06/AAU 2.xlsx
HASH_ERROR	11794	2026-07-01	/p/BRAIN_DRAIN/Data/06/AAU.xlsx
HASH_ERROR	28403166	2026-07-01	/p/BRAIN_DRAIN/Data/06/all_deg.csv
HASH_ERROR	953165	2026-07-01	/p/BRAIN_DRAIN/Data/06/bls_laus_data.csv
HASH_ERROR	1043217	2026-07-01	/p/BRAIN_DRAIN/Data/06/business_deg.csv
HASH_ERROR	6178	2026-07-01	/p/BRAIN_DRAIN/Data/06/coef_data.csv
HASH_ERROR	20999	2026-07-01	/p/BRAIN_DRAIN/Data/06/coef_data_semi.csv
HASH_ERROR	1041	2026-07-01	/p/BRAIN_DRAIN/Data/06/cohort_return_col_10.csv
HASH_ERROR	1053	2026-07-01	/p/BRAIN_DRAIN/Data/06/cohort_return_hs_10.csv
HASH_ERROR	958	2026-07-01	/p/BRAIN_DRAIN/Data/06/cohort_x_grad
HASH_ERROR	95170	2026-07-01	/p/BRAIN_DRAIN/Data/06/cohort_x_grad.csv
HASH_ERROR	10207581	2026-07-01	/p/BRAIN_DRAIN/Data/06/CollegeMarketShares_state.csv
HASH_ERROR	27572	2026-07-01	/p/BRAIN_DRAIN/Data/06/diff_cbsa.csv
HASH_ERROR	3798	2026-07-01	/p/BRAIN_DRAIN/Data/06/directed_2000_2005.csv
HASH_ERROR	3818	2026-07-01	/p/BRAIN_DRAIN/Data/06/directed_2000_2010.csv
HASH_ERROR	3798	2026-07-01	/p/BRAIN_DRAIN/Data/06/directed_2001_2006.csv
HASH_ERROR	3831	2026-07-01	/p/BRAIN_DRAIN/Data/06/directed_2001_2011.csv
HASH_ERROR	3807	2026-07-01	/p/BRAIN_DRAIN/Data/06/directed_2002_2007.csv
HASH_ERROR	3834	2026-07-01	/p/BRAIN_DRAIN/Data/06/directed_2002_2012.csv
HASH_ERROR	3817	2026-07-01	/p/BRAIN_DRAIN/Data/06/directed_2003_2008.csv
HASH_ERROR	3817	2026-07-01	/p/BRAIN_DRAIN/Data/06/directed_2003_2013.csv
HASH_ERROR	3821	2026-07-01	/p/BRAIN_DRAIN/Data/06/directed_2004_2009.csv
HASH_ERROR	3846	2026-07-01	/p/BRAIN_DRAIN/Data/06/directed_2004_2014.csv
HASH_ERROR	3817	2026-07-01	/p/BRAIN_DRAIN/Data/06/directed_2005_2010.csv
HASH_ERROR	3834	2026-07-01	/p/BRAIN_DRAIN/Data/06/directed_2005_2015.csv
HASH_ERROR	3840	2026-07-01	/p/BRAIN_DRAIN/Data/06/directed_2006_2011.csv
HASH_ERROR	3827	2026-07-01	/p/BRAIN_DRAIN/Data/06/directed_2006_2016.csv
HASH_ERROR	3835	2026-07-01	/p/BRAIN_DRAIN/Data/06/directed_2007_2012.csv
HASH_ERROR	3829	2026-07-01	/p/BRAIN_DRAIN/Data/06/directed_2007_2017.csv
HASH_ERROR	3816	2026-07-01	/p/BRAIN_DRAIN/Data/06/directed_2008_2013.csv
HASH_ERROR	3825	2026-07-01	/p/BRAIN_DRAIN/Data/06/directed_2009_2014.csv
HASH_ERROR	3824	2026-07-01	/p/BRAIN_DRAIN/Data/06/directed_2010_2015.csv
HASH_ERROR	3848	2026-07-01	/p/BRAIN_DRAIN/Data/06/directed_2011_2016.csv
HASH_ERROR	3833	2026-07-01	/p/BRAIN_DRAIN/Data/06/directed_2012_2017.csv
HASH_ERROR	301888	2026-07-01	/p/BRAIN_DRAIN/Data/06/engineering_deg.csv
HASH_ERROR	14235	2026-07-01	/p/BRAIN_DRAIN/Data/06/group_semi_elasticities.csv
HASH_ERROR	569517	2026-07-01	/p/BRAIN_DRAIN/Data/06/institutional_characteristics.csv
HASH_ERROR	609782	2026-07-01	/p/BRAIN_DRAIN/Data/06/inst_names.csv
HASH_ERROR	422700	2026-07-01	/p/BRAIN_DRAIN/Data/06/intercensal.csv
HASH_ERROR	54966	2026-07-01	/p/BRAIN_DRAIN/Data/06/ipeds_finance_troubleshoot.xlsx
HASH_ERROR	25514	2026-07-01	/p/BRAIN_DRAIN/Data/06/local_differences.csv
HASH_ERROR	49953	2026-07-01	/p/BRAIN_DRAIN/Data/06/local_differences_unfilt.csv
HASH_ERROR	171259082	2026-07-01	/p/BRAIN_DRAIN/Data/06/microdata_sample.csv
HASH_ERROR	1911371	2026-07-01	/p/BRAIN_DRAIN/Data/06/mrc_table2.xlsx
HASH_ERROR	80344	2026-07-01	/p/BRAIN_DRAIN/Data/06/net_cbsa.csv
HASH_ERROR	10327	2026-07-01	/p/BRAIN_DRAIN/Data/06/net_state.csv
HASH_ERROR	5532	2026-07-01	/p/BRAIN_DRAIN/Data/06/occ1990dd_task_alm.zip.download/occ1990dd_task_alm.zip.sb-d6a9beb6-zML4WA/occ1990dd_task_alm/occ1990dd_task_alm.dta
HASH_ERROR	258	2026-07-01	/p/BRAIN_DRAIN/Data/06/occ1990dd_task_alm.zip.download/occ1990dd_task_alm.zip.sb-d6a9beb6-zML4WA/occ1990dd_task_alm/README for occ1990dd_task_alm.dta.txt
HASH_ERROR	1344	2026-07-01	/p/BRAIN_DRAIN/Data/06/occp_inst_group.csv
HASH_ERROR	257	2026-07-01	/p/BRAIN_DRAIN/Data/06/outsample_values
HASH_ERROR	377787	2026-07-01	/p/BRAIN_DRAIN/Data/06/recruitment.csv
HASH_ERROR	3047395669	2026-07-01	/p/BRAIN_DRAIN/Data/06/regression_data.csv
HASH_ERROR	275	2026-07-01	/p/BRAIN_DRAIN/Data/06/restrict_values
HASH_ERROR	258	2026-07-01	/p/BRAIN_DRAIN/Data/06/sample_values.csv
HASH_ERROR	1271885	2026-07-01	/p/BRAIN_DRAIN/Data/06/tie_stocks.csv
HASH_ERROR	1319373	2026-07-01	/p/BRAIN_DRAIN/Data/06/total_deg.csv
HASH_ERROR	165	2026-07-01	/p/BRAIN_DRAIN/Data/06/~$AAU.xlsx
HASH_ERROR	6148	2026-07-01	/p/BRAIN_DRAIN/Data/07/.DS_Store
HASH_ERROR	11414	2026-07-01	/p/BRAIN_DRAIN/Data/07/AAU.xlsx
HASH_ERROR	24856	2026-07-01	/p/BRAIN_DRAIN/Data/07/ACSDT1Y2022.B15001-2024-02-23T180106.xlsx
HASH_ERROR	1842351	2026-07-01	/p/BRAIN_DRAIN/Data/07/col_users
HASH_ERROR	2380899	2026-07-01	/p/BRAIN_DRAIN/Data/07/destination_cbsa.csv
HASH_ERROR	983969	2026-07-01	/p/BRAIN_DRAIN/Data/07/destination_state.csv
HASH_ERROR	119763	2026-07-01	/p/BRAIN_DRAIN/Data/07/education.xlsx
HASH_ERROR	44575	2026-07-01	/p/BRAIN_DRAIN/Data/07/fraction.csv
HASH_ERROR	5614	2026-07-01	/p/BRAIN_DRAIN/Data/07/hs_shock_year_cbsa.csv
HASH_ERROR	5614	2026-07-01	/p/BRAIN_DRAIN/Data/07/hs_shock_year_state.csv
HASH_ERROR	49249	2026-07-01	/p/BRAIN_DRAIN/Data/07/instate_li.csv
HASH_ERROR	329	2026-07-01	/p/BRAIN_DRAIN/Data/07/inst_levels.csv
HASH_ERROR	1399	2026-07-01	/p/BRAIN_DRAIN/Data/07/Latin-Modern-Roman/GUST e-foundry License.txt
HASH_ERROR	107780	2026-07-01	/p/BRAIN_DRAIN/Data/07/Latin-Modern-Roman/lmroman10-bold.otf
HASH_ERROR	114140	2026-07-01	/p/BRAIN_DRAIN/Data/07/Latin-Modern-Roman/lmroman10-bolditalic.otf
HASH_ERROR	115244	2026-07-01	/p/BRAIN_DRAIN/Data/07/Latin-Modern-Roman/lmroman10-italic.otf
HASH_ERROR	107188	2026-07-01	/p/BRAIN_DRAIN/Data/07/Latin-Modern-Roman/lmroman10-regular.otf
HASH_ERROR	112444	2026-07-01	/p/BRAIN_DRAIN/Data/07/Latin-Modern-Roman/lmromancaps10-oblique.otf
HASH_ERROR	103948	2026-07-01	/p/BRAIN_DRAIN/Data/07/Latin-Modern-Roman/lmromancaps10-regular.otf
HASH_ERROR	114524	2026-07-01	/p/BRAIN_DRAIN/Data/07/Latin-Modern-Roman/lmromandemi10-oblique.otf
HASH_ERROR	107820	2026-07-01	/p/BRAIN_DRAIN/Data/07/Latin-Modern-Roman/lmromandemi10-regular.otf
HASH_ERROR	118228	2026-07-01	/p/BRAIN_DRAIN/Data/07/Latin-Modern-Roman/lmromandunh10-oblique.otf
HASH_ERROR	109328	2026-07-01	/p/BRAIN_DRAIN/Data/07/Latin-Modern-Roman/lmromandunh10-regular.otf
HASH_ERROR	113756	2026-07-01	/p/BRAIN_DRAIN/Data/07/Latin-Modern-Roman/lmromanslant10-bold.otf
HASH_ERROR	115648	2026-07-01	/p/BRAIN_DRAIN/Data/07/Latin-Modern-Roman/lmromanslant10-regular.otf
HASH_ERROR	51189	2026-07-01	/p/BRAIN_DRAIN/Data/07/local_ties_cbsa.csv
HASH_ERROR	6527	2026-07-01	/p/BRAIN_DRAIN/Data/07/local_ties_state.csv
HASH_ERROR	818	2026-07-01	/p/BRAIN_DRAIN/Data/07/no_prestige_soc.csv
HASH_ERROR	582523	2026-07-01	/p/BRAIN_DRAIN/Data/07/numerator.csv
HASH_ERROR	270539	2026-07-01	/p/BRAIN_DRAIN/Data/07/OccupationalPrestigeRatings.csv
HASH_ERROR	13638	2026-07-01	/p/BRAIN_DRAIN/Data/07/pf.xlsx
HASH_ERROR	2308154293	2026-07-01	/p/BRAIN_DRAIN/Data/07/raw_microdata.csv
HASH_ERROR	41560	2026-07-01	/p/BRAIN_DRAIN/Data/07/return_by_year.csv
HASH_ERROR	363	2026-07-01	/p/BRAIN_DRAIN/Data/07/return_levels_cbsa.csv
HASH_ERROR	291	2026-07-01	/p/BRAIN_DRAIN/Data/07/return_levels_state.csv
HASH_ERROR	46630	2026-07-01	/p/BRAIN_DRAIN/Data/07/soc_2010_to_2018_crosswalk.xlsx
HASH_ERROR	189227	2026-07-01	/p/BRAIN_DRAIN/Data/07/soc_ba.csv
HASH_ERROR	15368	2026-07-01	/p/BRAIN_DRAIN/Data/07/soc_li_distribution.csv
HASH_ERROR	189227	2026-07-01	/p/BRAIN_DRAIN/Data/07/soc_merge.csv
HASH_ERROR	76441	2026-07-01	/p/BRAIN_DRAIN/Data/07/State_of_Residence_By_Place_of_Birth_Table_2022_T13.xlsx
HASH_ERROR	17609	2026-07-01	/p/BRAIN_DRAIN/Data/07/tabn318.10.xlsx
HASH_ERROR	165	2026-07-01	/p/BRAIN_DRAIN/Data/07/~$pf.xlsx
HASH_ERROR	135298	2026-07-01	/p/BRAIN_DRAIN/Data/actual_cohort.csv
HASH_ERROR	15684	2026-07-01	/p/BRAIN_DRAIN/Data/all_binary.csv
HASH_ERROR	34051	2026-07-01	/p/BRAIN_DRAIN/Data/all_binary.xlsx
EMPTY_FILE	0	2026-07-01	/p/BRAIN_DRAIN/Data/all_binary_cbsa.csv
EMPTY_FILE	0	2026-07-01	/p/BRAIN_DRAIN/Data/all_binary_cbsa.xlsx
EMPTY_FILE	0	2026-07-01	/p/BRAIN_DRAIN/Data/barrons01.pdf
EMPTY_FILE	0	2026-07-01	/p/BRAIN_DRAIN/Data/barrons_mod_endowment.xlsx
EMPTY_FILE	0	2026-07-01	/p/BRAIN_DRAIN/Data/barrons_raw.xlsx
HASH_ERROR	64459	2026-07-01	/p/BRAIN_DRAIN/Data/be_sch.csv
HASH_ERROR	103142	2026-07-01	/p/BRAIN_DRAIN/Data/be_sch_full.csv
HASH_ERROR	46947	2026-07-01	/p/BRAIN_DRAIN/Data/be_sch_grad.csv
HASH_ERROR	124896206	2026-07-01	/p/BRAIN_DRAIN/Data/both_final.rds
HASH_ERROR	90543244	2026-07-01	/p/BRAIN_DRAIN/Data/both_orig.rds
HASH_ERROR	245365	2026-07-01	/p/BRAIN_DRAIN/Data/cbsa_2020.csv
HASH_ERROR	284967	2026-07-01	/p/BRAIN_DRAIN/Data/cc.rds
HASH_ERROR	948689	2026-07-01	/p/BRAIN_DRAIN/Data/cc_alias.csv
HASH_ERROR	238698	2026-07-01	/p/BRAIN_DRAIN/Data/cc_alias.rds
HASH_ERROR	94508	2026-07-01	/p/BRAIN_DRAIN/Data/cc_rsid_crosswalk.rds
HASH_ERROR	257529	2026-07-01	/p/BRAIN_DRAIN/Data/cc_strings.csv
HASH_ERROR	75647	2026-07-01	/p/BRAIN_DRAIN/Data/cc_strings.rds
EMPTY_FILE	0	2026-07-01	/p/BRAIN_DRAIN/Data/chetty_closed_colleges.csv
HASH_ERROR	2157147	2026-07-01	/p/BRAIN_DRAIN/Data/chetty_college_inc_dist.xlsx
HASH_ERROR	12542	2026-07-01	/p/BRAIN_DRAIN/Data/classification_sample_1.csv
HASH_ERROR	323383	2026-07-01	/p/BRAIN_DRAIN/Data/colleges.rds
HASH_ERROR	65965912	2026-07-01	/p/BRAIN_DRAIN/Data/colleges_ipeds_completions-2digcip_2000.csv
HASH_ERROR	127106321	2026-07-01	/p/BRAIN_DRAIN/Data/colleges_ipeds_completions-2digcip_2010.csv
HASH_ERROR	132219568	2026-07-01	/p/BRAIN_DRAIN/Data/colleges_ipeds_completions-2digcip_2020.csv
HASH_ERROR	114956178	2026-07-01	/p/BRAIN_DRAIN/Data/colleges_ipeds_directory.csv
HASH_ERROR	69505558	2026-07-01	/p/BRAIN_DRAIN/Data/colleges_ipeds_fall-res.csv
HASH_ERROR	469490722	2026-07-01	/p/BRAIN_DRAIN/Data/colleges_ipeds_grad-rates.csv
HASH_ERROR	1874599	2026-07-01	/p/BRAIN_DRAIN/Data/col_alias.csv
HASH_ERROR	348495	2026-07-01	/p/BRAIN_DRAIN/Data/col_alias.rds
HASH_ERROR	156432643	2026-07-01	/p/BRAIN_DRAIN/Data/col_alias_resp.rds
HASH_ERROR	734635	2026-07-01	/p/BRAIN_DRAIN/Data/col_ct.csv
HASH_ERROR	271062	2026-07-01	/p/BRAIN_DRAIN/Data/col_ct.rds
HASH_ERROR	121128	2026-07-01	/p/BRAIN_DRAIN/Data/col_embed.rds
HASH_ERROR	20526	2026-07-01	/p/BRAIN_DRAIN/Data/col_gt.csv
HASH_ERROR	174849	2026-07-01	/p/BRAIN_DRAIN/Data/col_rsid_crosswalk.rds
HASH_ERROR	135297	2026-07-01	/p/BRAIN_DRAIN/Data/col_shock.csv
HASH_ERROR	604944	2026-07-01	/p/BRAIN_DRAIN/Data/col_strings.csv
HASH_ERROR	164166	2026-07-01	/p/BRAIN_DRAIN/Data/col_strings.rds
EMPTY_FILE	0	2026-07-01	/p/BRAIN_DRAIN/Data/col_users.csv
EMPTY_FILE	0	2026-07-01	/p/BRAIN_DRAIN/Data/col_users.xlsx
HASH_ERROR	43117	2026-07-01	/p/BRAIN_DRAIN/Data/col_wo_rsid.csv
HASH_ERROR	174712	2026-07-01	/p/BRAIN_DRAIN/Data/dupe_match_rsid.csv
HASH_ERROR	119908	2026-07-01	/p/BRAIN_DRAIN/Data/education.xlsx
HASH_ERROR	1261	2026-07-01	/p/BRAIN_DRAIN/Data/EducationDataPortal_08.18.2024_datadictionary.csv
EMPTY_FILE	0	2026-07-01	/p/BRAIN_DRAIN/Data/education_0000_part_00.csv
EMPTY_FILE	0	2026-07-01	/p/BRAIN_DRAIN/Data/education_cleaned.csv
EMPTY_FILE	0	2026-07-01	/p/BRAIN_DRAIN/Data/ed_funding.xlsx
HASH_ERROR	121029697	2026-07-01	/p/BRAIN_DRAIN/Data/ed_wide.rds
HASH_ERROR	15111154	2026-07-01	/p/BRAIN_DRAIN/Data/ELSI_csv_export_6390435784786712152626.csv
HASH_ERROR	2617101	2026-07-01	/p/BRAIN_DRAIN/Data/ELSI_csv_export_639044261135902865330.csv
HASH_ERROR	18653457	2026-07-01	/p/BRAIN_DRAIN/Data/ELSI_csv_export_6390455368533882136542.csv
HASH_ERROR	10737728	2026-07-01	/p/BRAIN_DRAIN/Data/finance_raw.csv
EMPTY_FILE	0	2026-07-01	/p/BRAIN_DRAIN/Data/Grawe.xlsx
64bb9e99839c7cca1b57e43042ac76ab8886101e4b01c9768537b8219ac590a4	1231	2026-07-01	/p/BRAIN_DRAIN/Data/great_recession/all_bin_shares_cbsa_10.csv
e6f0c7ae30b4db91dcb0e1c196251f32e6d6c8740f61f13da9473ae9a0069fcc	663	2026-07-01	/p/BRAIN_DRAIN/Data/great_recession/all_bin_shares_cbsa_5.csv
34048b2061f938cd5fbfbedd6e2cef86642576e808a90d4eab565603eb24e2b4	122293	2026-07-01	/p/BRAIN_DRAIN/Data/great_recession/bin_cbsa_10.csv
e44e954d0e54ce4049a35507fc999342142cc35e17957aa466d51eee024b83dd	101216	2026-07-01	/p/BRAIN_DRAIN/Data/great_recession/bin_cbsa_5.csv
7973d2176cb1d6d4f2d0d0d3e0d759031e28ab6afcc3ea40547dd8e396cb7983	21183	2026-07-01	/p/BRAIN_DRAIN/Data/great_recession/coef_data_semi.csv
fe5159b61c0aef02fe8409c071dc71226a7b917f84d7e22cbf9b7329f34d46d4	1864	2026-07-01	/p/BRAIN_DRAIN/Data/great_recession/compliers.csv
eaef4055671721e607fd7f5b23bf6c767bc67853e26e0422ce44bf32a0711c27	19153	2026-07-01	/p/BRAIN_DRAIN/Data/great_recession/dens_sam.csv
783b401201c4f5fe121c6ecde938b4f59d3b0e9d61f209c542c3a41160fc8a0a	2380899	2026-07-01	/p/BRAIN_DRAIN/Data/great_recession/destination_cbsa.csv
d06874c28cb78f77cc39a4ec4ffa9b19d2fdc61cbce9f432dd50d28b52c23b54	983969	2026-07-01	/p/BRAIN_DRAIN/Data/great_recession/destination_state.csv
09886b0763c1c7dff594a615967e02c71bafa39b0d3f313736802a958d6da919	3534	2026-07-01	/p/BRAIN_DRAIN/Data/great_recession/directed_2000_2005.csv
350a961e40b00f28643c2ccd1ac5b99608bf8402a7eba932242b733446eabfba	3590	2026-07-01	/p/BRAIN_DRAIN/Data/great_recession/directed_2001_2006.csv
58a6f4c48db80a7568d6136234b50e358c3b4cfcb5fb9d7a5f0876eed1fd60d0	3621	2026-07-01	/p/BRAIN_DRAIN/Data/great_recession/directed_2002_2007.csv
fd219b704fefa2eae8671e126a27fc414e1ff8b033667329e6e526e83eaa602a	3634	2026-07-01	/p/BRAIN_DRAIN/Data/great_recession/directed_2003_2008.csv
c810b8bb89e10d247f88adcc61abd6032ecf27896c1bbde9cb7b2f10be9d3246	3681	2026-07-01	/p/BRAIN_DRAIN/Data/great_recession/directed_2004_2009.csv
3628e93350ce82ff63958b1eaea1fc547d9494db5e6510401d61c9f47508346d	3689	2026-07-01	/p/BRAIN_DRAIN/Data/great_recession/directed_2005_2010.csv
07e5bae0f708b790ee9e03690fcdfc0e3a615fe1ec89bf6ea8bbe3010a419122	3704	2026-07-01	/p/BRAIN_DRAIN/Data/great_recession/directed_2006_2011.csv
936ea524ae749cc6b7d7d45a26c70056489668aeebcc770a222ba73095ca93d8	3719	2026-07-01	/p/BRAIN_DRAIN/Data/great_recession/directed_2007_2012.csv
fc33d7f9405d83b34e5f40dd799159f0e0afa22a7ae338d04f0d6166e5ffd794	3719	2026-07-01	/p/BRAIN_DRAIN/Data/great_recession/directed_2008_2013.csv
1702827b33b012bdb11d34d3a28983be8988ec1b956b45db5f8e55ed64a40a0f	3735	2026-07-01	/p/BRAIN_DRAIN/Data/great_recession/directed_2009_2014.csv
07bb219648dbc76315a711250786b06ae008b91528b1ff5c565d4bc1ed9d78dc	3726	2026-07-01	/p/BRAIN_DRAIN/Data/great_recession/directed_2010_2015.csv
32dc0180474a3c27cc8f8e43c590a1cc5fb656f4dcd5069867bfabe05c5619f5	3753	2026-07-01	/p/BRAIN_DRAIN/Data/great_recession/directed_2011_2016.csv
9cfb641959a6027d4c03962346179aa025f71838c4a479909ce4cf8d1717c7a6	3742	2026-07-01	/p/BRAIN_DRAIN/Data/great_recession/directed_2012_2017.csv
7e128808a2fbcfe25260a87bfc58b6736771c35522a9b2b801815bec97a2948a	766	2026-07-01	/p/BRAIN_DRAIN/Data/great_recession/fraction_cohort.csv
556d6e8196a06b2feb662e41afeb92b04d1096fe180d34da217f016ec6737296	14170	2026-07-01	/p/BRAIN_DRAIN/Data/great_recession/group_semi_elasticities.csv
b9e01c2c18bb5cc229b7bf4fba240c4336b21bd52e0b13ba976ec5fee5db79fd	591	2026-07-01	/p/BRAIN_DRAIN/Data/great_recession/hs_shock_year_cbsa.csv
00052b3aa70314550d563a70a5795d9b4af8c64d620c67e1ec8058a746192814	588	2026-07-01	/p/BRAIN_DRAIN/Data/great_recession/hs_shock_year_state.csv
d21f6ed2e69518f07e83ee9779db34ea470445d63a297b4d13c2bb6355b34d29	49249	2026-07-01	/p/BRAIN_DRAIN/Data/great_recession/instate_li.csv
c4d194ad0ed32bf185cc5614a3265937987687480880337b5f955379127256ba	329	2026-07-01	/p/BRAIN_DRAIN/Data/great_recession/inst_levels.csv
e961bb196ffe884f50868c279e2ba9d596d440f27494869c6379d0070aac03af	925	2026-07-01	/p/BRAIN_DRAIN/Data/great_recession/leaver_levels_cbsa.csv
1870510f443b2056128b47335b965d26f03ff305a6d02bd2a6e585fd8d951e7a	1147	2026-07-01	/p/BRAIN_DRAIN/Data/great_recession/leaver_levels_state.csv
b6ad4d1f32a70a78404ad7c72e5e73df0df3a5784aebc0e7c2a1904e1df73900	485	2026-07-01	/p/BRAIN_DRAIN/Data/great_recession/li_deg_awarded.csv
29d359815ffcd086baffa372139d032258ad5ce38d19b6febc09d1d47d8de422	191840	2026-07-01	/p/BRAIN_DRAIN/Data/great_recession/li_inst.csv
3dc9a33871eb5694d3fb4ec0322025a9225138eb2f600fb46654b967c47d1d60	26998	2026-07-01	/p/BRAIN_DRAIN/Data/great_recession/local_differences.csv
7d2e18d04c4402618a92108af27ef1548814f30149e993f02cdd6b10aa4f49ca	1947563	2026-07-01	/p/BRAIN_DRAIN/Data/great_recession/local_stocks.csv
1d17cae21bd557c9c9efdcb83b4baef84abb6e12918e3229a4632eca94d33610	51189	2026-07-01	/p/BRAIN_DRAIN/Data/great_recession/local_ties_cbsa.csv
b62092fe05df9d0617d2a0a0400f08458390c5e385d1b3fa1fbc828e5066e788	6527	2026-07-01	/p/BRAIN_DRAIN/Data/great_recession/local_ties_state.csv
e15803436e658d61a8963856d782d0376d7d72073b5df7905c741ce8a7d0727f	80344	2026-07-01	/p/BRAIN_DRAIN/Data/great_recession/net_cbsa.csv
ebb3d03cd5e55ad62e64a4c0fea27d93764b902041672ad7ef6997a4013480e3	10327	2026-07-01	/p/BRAIN_DRAIN/Data/great_recession/net_state.csv
fd99850a4bf44907109833d1fb8b78e08a07d3427e4de36654124b1df3fcf5ac	388	2026-07-01	/p/BRAIN_DRAIN/Data/great_recession/occp_inst_group.csv
b3cea0ea7ec9403f57e168dd6fe3018d3e85f9ed666a5846ef55eafa55838931	231	2026-07-01	/p/BRAIN_DRAIN/Data/great_recession/outsample_values.rds
b72fa92d0b52281f57cae6559a83131469da94f3dad47df94d50d8473981f5aa	26	2026-07-01	/p/BRAIN_DRAIN/Data/great_recession/quantiles_sam.csv
102c455d5f5fad7f17d327b24f6295bd38f8e906f7dc83c0ef7cb6d408bc106b	237	2026-07-01	/p/BRAIN_DRAIN/Data/great_recession/restrict_values.rds
b9886745ecff9f36c3307e265bd5272a7d450cb93f77b383cae3dc3a13af5388	218617	2026-07-01	/p/BRAIN_DRAIN/Data/great_recession/returners_cbsa_10.csv
f9e4ced198249cad36af0f5974305ccef7214c0ffeb6ee10a10ea673deb7a338	138271	2026-07-01	/p/BRAIN_DRAIN/Data/great_recession/returners_cbsa_5.csv
68bdd552a56319777b96fade335a8e24ca91db63e5a6aeb7726889b3e6221e6d	891	2026-07-01	/p/BRAIN_DRAIN/Data/great_recession/return_levels_cbsa.csv
cbc44a936344a46e0dd31948061a23f228873eeeadde01b867b0f79668b4b065	897	2026-07-01	/p/BRAIN_DRAIN/Data/great_recession/return_levels_state.csv
6a7db1dbd9f062c33de3be89e3fbd79ceff38ed7239f7d5140dd2aa64f1309f4	232	2026-07-01	/p/BRAIN_DRAIN/Data/great_recession/sample_values.rds
19917168634c253238a6366f9616128aa50f0dc5ed6f11074eadd541f8cd6bab	1124648	2026-07-01	/p/BRAIN_DRAIN/Data/great_recession/state_stocks.csv
83916e86a648a2054e27c7a1d943215cfe5d4a568b1adfcc0dde17e659893ec3	203052	2026-07-01	/p/BRAIN_DRAIN/Data/great_recession/tie_stocks.csv
HASH_ERROR	9556580	2026-07-01	/p/BRAIN_DRAIN/Data/hs_alias.csv
HASH_ERROR	1451740	2026-07-01	/p/BRAIN_DRAIN/Data/hs_alias.rds
HASH_ERROR	273498112	2026-07-01	/p/BRAIN_DRAIN/Data/hs_alias_resp.rds
HASH_ERROR	14653586	2026-07-01	/p/BRAIN_DRAIN/Data/hs_col_classification.csv
HASH_ERROR	48520	2026-07-01	/p/BRAIN_DRAIN/Data/hs_embed.rds
HASH_ERROR	14270	2026-07-01	/p/BRAIN_DRAIN/Data/hs_gt.csv
HASH_ERROR	500468	2026-07-01	/p/BRAIN_DRAIN/Data/hs_rsid_crosswalk.rds
HASH_ERROR	135296	2026-07-01	/p/BRAIN_DRAIN/Data/hs_shock.csv
HASH_ERROR	28051801	2026-07-01	/p/BRAIN_DRAIN/Data/hs_strings.csv
HASH_ERROR	4817514	2026-07-01	/p/BRAIN_DRAIN/Data/hs_strings.rds
EMPTY_FILE	0	2026-07-01	/p/BRAIN_DRAIN/Data/hs_users.csv
EMPTY_FILE	0	2026-07-01	/p/BRAIN_DRAIN/Data/hs_users.xlsx
HASH_ERROR	21486726	2026-07-01	/p/BRAIN_DRAIN/Data/input_col.rds
HASH_ERROR	340042363	2026-07-01	/p/BRAIN_DRAIN/Data/input_col_m.rds
EMPTY_FILE	0	2026-07-01	/p/BRAIN_DRAIN/Data/IPEDS codebook.xlsx
EMPTY_FILE	0	2026-07-01	/p/BRAIN_DRAIN/Data/ipeds_adm2021.csv
HASH_ERROR	224033	2026-07-01	/p/BRAIN_DRAIN/Data/ipeds_deg_awarded.rds
HASH_ERROR	1261	2026-07-01	/p/BRAIN_DRAIN/Data/ipeds_deg_awarded_field
EMPTY_FILE	0	2026-07-01	/p/BRAIN_DRAIN/Data/ipeds_ef2020c.csv
EMPTY_FILE	0	2026-07-01	/p/BRAIN_DRAIN/Data/ipeds_hd2020_dictionary.xlsx
HASH_ERROR	9223	2026-07-01	/p/BRAIN_DRAIN/Data/llm_1_unk.csv
HASH_ERROR	21194	2026-07-01	/p/BRAIN_DRAIN/Data/llm_1_unk.xlsx
HASH_ERROR	10859	2026-07-01	/p/BRAIN_DRAIN/Data/llm_1_us.csv
HASH_ERROR	19451	2026-07-01	/p/BRAIN_DRAIN/Data/llm_1_us.xlsx
HASH_ERROR	4869	2026-07-01	/p/BRAIN_DRAIN/Data/make_transfer_inventory.py
HASH_ERROR	98388	2026-07-01	/p/BRAIN_DRAIN/Data/matched_col.rds
HASH_ERROR	632072	2026-07-01	/p/BRAIN_DRAIN/Data/matched_hs.rds
HASH_ERROR	55420	2026-07-01	/p/BRAIN_DRAIN/Data/match_problems.xlsx
HASH_ERROR	148025	2026-07-01	/p/BRAIN_DRAIN/Data/microdata_sample.csv
HASH_ERROR	57382082	2026-07-01	/p/BRAIN_DRAIN/Data/nces_public_school_file.zip.download/nces_public_school_file.zip.sb-652df04a-9Tybbh/nces_public_school_file/ELSI_csv_export_6390435443173860515321.csv
HASH_ERROR	407963	2026-07-01	/p/BRAIN_DRAIN/Data/occupation.xlsx
HASH_ERROR	226997	2026-07-01	/p/BRAIN_DRAIN/Data/occupational_prestige.csv
HASH_ERROR	10727	2026-07-01	/p/BRAIN_DRAIN/Data/Paper/chetty_sel_dist_stats.xlsx
HASH_ERROR	27985	2026-07-01	/p/BRAIN_DRAIN/Data/persistent_match_issues.xlsx
a78d7278a50892ea42fdece19c3fdcd531e1b281a29c38bdc4810a98d4cba33b	1288	2026-07-01	/p/BRAIN_DRAIN/Data/pooled/all_bin_shares_cbsa_10.csv
dacbaff57291656aa3b42db81df05bd46ccba9a501e8682f2968eee7de30e413	2941	2026-07-01	/p/BRAIN_DRAIN/Data/pooled/all_bin_shares_cbsa_25.csv
8d74f56a23225336597c1776d2e7bddfa535a4086bcabe9eb27669fdeeb94d05	725	2026-07-01	/p/BRAIN_DRAIN/Data/pooled/all_bin_shares_cbsa_5.csv
09a969f45ef5c0b02046d1b48faaa9fbeb423539ec910d5e179ac106c659a449	1229	2026-07-01	/p/BRAIN_DRAIN/Data/pooled/all_bin_shares_state_10.csv
7ee470b86b4fa90007c39d9a4fe6d7c1bd506e39855629965760527fef5bcb8b	2928	2026-07-01	/p/BRAIN_DRAIN/Data/pooled/all_bin_shares_state_25.csv
57bf8d081dc7bac4ba32ec94bd1127cd83ada0c7cb63bcab58ee5cc870547dd6	673	2026-07-01	/p/BRAIN_DRAIN/Data/pooled/all_bin_shares_state_5.csv
49d06796d8b236fe45b674d771f9723ea0e3ab9d3efad9d387a459a25f45af2e	488245	2026-07-01	/p/BRAIN_DRAIN/Data/pooled/bin_cbsa_10.csv
edcb51679ef473ded75ee34303daf9361f5b38512a0d78d20375066a124443f7	379255	2026-07-01	/p/BRAIN_DRAIN/Data/pooled/bin_cbsa_25.csv
778df90eae7ee1704461d27074b6d8103a7f4772053c9f6023e8394d1e743f5d	303665	2026-07-01	/p/BRAIN_DRAIN/Data/pooled/bin_cbsa_5.csv
0b7c5dae8d01cde27960b07b9130a6ba09774a3176299bb81f3f60e5c9d290bc	229388	2026-07-01	/p/BRAIN_DRAIN/Data/pooled/bin_state_10.csv
2189e23eb8338e64341e5900dcb924f2d11688de2488788f47d7b9fdd90261b7	317648	2026-07-01	/p/BRAIN_DRAIN/Data/pooled/bin_state_25.csv
75caf00ea77e19517f94a23128d620e8c9b15533ef38be0ffab3d7b882ae2d1a	166738	2026-07-01	/p/BRAIN_DRAIN/Data/pooled/bin_state_5.csv
dc11f59bddc67d227127307e0919c255111b5ba741f7c6ac4da5f8b09c41866d	21790	2026-07-01	/p/BRAIN_DRAIN/Data/pooled/coef_data_semi.csv
8f85bb9eef4e1efc04860b1696697a109f43a6adf1ab3165728ff94852551397	1865	2026-07-01	/p/BRAIN_DRAIN/Data/pooled/compliers.csv
d7eba9a29c2e6a74aeecc6df5b03a5d0c70d5dbb680a4efe519c5bcb87d15a12	19049	2026-07-01	/p/BRAIN_DRAIN/Data/pooled/dens_sam.csv
783b401201c4f5fe121c6ecde938b4f59d3b0e9d61f209c542c3a41160fc8a0a	2380899	2026-07-01	/p/BRAIN_DRAIN/Data/pooled/destination_cbsa.csv
d06874c28cb78f77cc39a4ec4ffa9b19d2fdc61cbce9f432dd50d28b52c23b54	983969	2026-07-01	/p/BRAIN_DRAIN/Data/pooled/destination_state.csv
09886b0763c1c7dff594a615967e02c71bafa39b0d3f313736802a958d6da919	3534	2026-07-01	/p/BRAIN_DRAIN/Data/pooled/directed_2000_2005.csv
350a961e40b00f28643c2ccd1ac5b99608bf8402a7eba932242b733446eabfba	3590	2026-07-01	/p/BRAIN_DRAIN/Data/pooled/directed_2001_2006.csv
58a6f4c48db80a7568d6136234b50e358c3b4cfcb5fb9d7a5f0876eed1fd60d0	3621	2026-07-01	/p/BRAIN_DRAIN/Data/pooled/directed_2002_2007.csv
fd219b704fefa2eae8671e126a27fc414e1ff8b033667329e6e526e83eaa602a	3634	2026-07-01	/p/BRAIN_DRAIN/Data/pooled/directed_2003_2008.csv
c810b8bb89e10d247f88adcc61abd6032ecf27896c1bbde9cb7b2f10be9d3246	3681	2026-07-01	/p/BRAIN_DRAIN/Data/pooled/directed_2004_2009.csv
3628e93350ce82ff63958b1eaea1fc547d9494db5e6510401d61c9f47508346d	3689	2026-07-01	/p/BRAIN_DRAIN/Data/pooled/directed_2005_2010.csv
07e5bae0f708b790ee9e03690fcdfc0e3a615fe1ec89bf6ea8bbe3010a419122	3704	2026-07-01	/p/BRAIN_DRAIN/Data/pooled/directed_2006_2011.csv
936ea524ae749cc6b7d7d45a26c70056489668aeebcc770a222ba73095ca93d8	3719	2026-07-01	/p/BRAIN_DRAIN/Data/pooled/directed_2007_2012.csv
fc33d7f9405d83b34e5f40dd799159f0e0afa22a7ae338d04f0d6166e5ffd794	3719	2026-07-01	/p/BRAIN_DRAIN/Data/pooled/directed_2008_2013.csv
1702827b33b012bdb11d34d3a28983be8988ec1b956b45db5f8e55ed64a40a0f	3735	2026-07-01	/p/BRAIN_DRAIN/Data/pooled/directed_2009_2014.csv
07bb219648dbc76315a711250786b06ae008b91528b1ff5c565d4bc1ed9d78dc	3726	2026-07-01	/p/BRAIN_DRAIN/Data/pooled/directed_2010_2015.csv
32dc0180474a3c27cc8f8e43c590a1cc5fb656f4dcd5069867bfabe05c5619f5	3753	2026-07-01	/p/BRAIN_DRAIN/Data/pooled/directed_2011_2016.csv
9cfb641959a6027d4c03962346179aa025f71838c4a479909ce4cf8d1717c7a6	3742	2026-07-01	/p/BRAIN_DRAIN/Data/pooled/directed_2012_2017.csv
7e128808a2fbcfe25260a87bfc58b6736771c35522a9b2b801815bec97a2948a	766	2026-07-01	/p/BRAIN_DRAIN/Data/pooled/fraction_cohort.csv
650884a52c7be08616ac5a106a51aa7eba87342143aceae78816b90a841cc760	14253	2026-07-01	/p/BRAIN_DRAIN/Data/pooled/group_semi_elasticities.csv
35320944e1584b86db64d2d1c04c09580c4cef312f289509c653494c510fdca5	5615	2026-07-01	/p/BRAIN_DRAIN/Data/pooled/hs_shock_year_cbsa.csv
b04a0f846e26dda707610997f281a5a976f77989f45c6c417cb3f4ade128456f	5619	2026-07-01	/p/BRAIN_DRAIN/Data/pooled/hs_shock_year_state.csv
d21f6ed2e69518f07e83ee9779db34ea470445d63a297b4d13c2bb6355b34d29	49249	2026-07-01	/p/BRAIN_DRAIN/Data/pooled/instate_li.csv
c4d194ad0ed32bf185cc5614a3265937987687480880337b5f955379127256ba	329	2026-07-01	/p/BRAIN_DRAIN/Data/pooled/inst_levels.csv
218172114d828787beebd3d6bfb200ff1d5fbcf2a77c3e5c0bb4f4245aa4660f	938	2026-07-01	/p/BRAIN_DRAIN/Data/pooled/leaver_levels_cbsa.csv
ae12514d56b12ed5a017121bb63b8262915be55da4fbfc282663ad505edbe41e	1169	2026-07-01	/p/BRAIN_DRAIN/Data/pooled/leaver_levels_state.csv
b6ad4d1f32a70a78404ad7c72e5e73df0df3a5784aebc0e7c2a1904e1df73900	485	2026-07-01	/p/BRAIN_DRAIN/Data/pooled/li_deg_awarded.csv
29d359815ffcd086baffa372139d032258ad5ce38d19b6febc09d1d47d8de422	191840	2026-07-01	/p/BRAIN_DRAIN/Data/pooled/li_inst.csv
b8a83e969a0427fb7d68774b30aab4a0d7f5de6e4e0bc9c64f14bed4e153e5f4	27018	2026-07-01	/p/BRAIN_DRAIN/Data/pooled/local_differences.csv
7d2e18d04c4402618a92108af27ef1548814f30149e993f02cdd6b10aa4f49ca	1947563	2026-07-01	/p/BRAIN_DRAIN/Data/pooled/local_stocks.csv
1d17cae21bd557c9c9efdcb83b4baef84abb6e12918e3229a4632eca94d33610	51189	2026-07-01	/p/BRAIN_DRAIN/Data/pooled/local_ties_cbsa.csv
b62092fe05df9d0617d2a0a0400f08458390c5e385d1b3fa1fbc828e5066e788	6527	2026-07-01	/p/BRAIN_DRAIN/Data/pooled/local_ties_state.csv
e15803436e658d61a8963856d782d0376d7d72073b5df7905c741ce8a7d0727f	80344	2026-07-01	/p/BRAIN_DRAIN/Data/pooled/net_cbsa.csv
ebb3d03cd5e55ad62e64a4c0fea27d93764b902041672ad7ef6997a4013480e3	10327	2026-07-01	/p/BRAIN_DRAIN/Data/pooled/net_state.csv
b5622311e1eba9ca80b2fd5c96c06579e691c677cfc1d7c3524f51c9e829bde4	1422	2026-07-01	/p/BRAIN_DRAIN/Data/pooled/occp_inst_group.csv
0aca5024435d8b8704c3f201ff8163ee0e19746035513b8155279ee32af00806	231	2026-07-01	/p/BRAIN_DRAIN/Data/pooled/outsample_values.rds
0d36c009c77b606c08e6d2ac61cb1664e05830bc28c17cd3d6023606000bf15f	26	2026-07-01	/p/BRAIN_DRAIN/Data/pooled/quantiles_sam.csv
3c8619c4c82780637b5b837ce32e3b0233e71e86db35368891600281224f26cf	240	2026-07-01	/p/BRAIN_DRAIN/Data/pooled/restrict_values.rds
1302997e30d07682181d003d301b36d78379258cab80204927cba557df547ab7	359345	2026-07-01	/p/BRAIN_DRAIN/Data/pooled/returners_cbsa_10.csv
4a4d125599a3ae7814cfc460deb98112de8889f5b363981fb5c548c801058d21	126723	2026-07-01	/p/BRAIN_DRAIN/Data/pooled/returners_cbsa_25.csv
03fd1dd6284a1412087d58e556deb841b8a4d5abc66b932efce6a1bcf926fc5c	198031	2026-07-01	/p/BRAIN_DRAIN/Data/pooled/returners_cbsa_5.csv
de3fa76a21a705788c5ac6377d9f080e147e199546aa66f188fbffd2c195c63e	96604	2026-07-01	/p/BRAIN_DRAIN/Data/pooled/returners_state_10.csv
22a4b59455b8cb76068443ec88b2dd328b841ab9fe1a223d85619b32a85b90fa	130175	2026-07-01	/p/BRAIN_DRAIN/Data/pooled/returners_state_25.csv
127ff430d28b9036aaf2a59559f9b09bcfd8346932ddefba50d05ad238cae05e	71947	2026-07-01	/p/BRAIN_DRAIN/Data/pooled/returners_state_5.csv
0c7b4920d70cc4c1b16d78885ac710a84165b2295be3f008e486cb3567a03192	919	2026-07-01	/p/BRAIN_DRAIN/Data/pooled/return_levels_cbsa.csv
668355a3eee47d26cfe8e76ff5ce63f75faa237736ff9ffaf9ea615b5b4eff6b	921	2026-07-01	/p/BRAIN_DRAIN/Data/pooled/return_levels_state.csv
6a7db1dbd9f062c33de3be89e3fbd79ceff38ed7239f7d5140dd2aa64f1309f4	232	2026-07-01	/p/BRAIN_DRAIN/Data/pooled/sample_values.rds
19917168634c253238a6366f9616128aa50f0dc5ed6f11074eadd541f8cd6bab	1124648	2026-07-01	/p/BRAIN_DRAIN/Data/pooled/state_stocks.csv
e2dc6afb2507a95985841dddd490a7bc20aa62c3a62a729216fafe6dddb89fd9	520697	2026-07-01	/p/BRAIN_DRAIN/Data/pooled/tie_stocks.csv
EMPTY_FILE	0	2026-07-01	/p/BRAIN_DRAIN/Data/Postsecondary.csv
aed18d10c921428cf790c93983a649d27ca78f3bc68d7bfc7a8c396aca1c4767	1233	2026-07-01	/p/BRAIN_DRAIN/Data/post_2000/all_bin_shares_cbsa_10.csv
dacbaff57291656aa3b42db81df05bd46ccba9a501e8682f2968eee7de30e413	2941	2026-07-01	/p/BRAIN_DRAIN/Data/post_2000/all_bin_shares_cbsa_25.csv
ede48ba437fd7c5a79b4a0b3e50ab1d214f486f4f245149c91297aece08ee6af	672	2026-07-01	/p/BRAIN_DRAIN/Data/post_2000/all_bin_shares_cbsa_5.csv
09a969f45ef5c0b02046d1b48faaa9fbeb423539ec910d5e179ac106c659a449	1229	2026-07-01	/p/BRAIN_DRAIN/Data/post_2000/all_bin_shares_state_10.csv
7ee470b86b4fa90007c39d9a4fe6d7c1bd506e39855629965760527fef5bcb8b	2928	2026-07-01	/p/BRAIN_DRAIN/Data/post_2000/all_bin_shares_state_25.csv
57bf8d081dc7bac4ba32ec94bd1127cd83ada0c7cb63bcab58ee5cc870547dd6	673	2026-07-01	/p/BRAIN_DRAIN/Data/post_2000/all_bin_shares_state_5.csv
508975b6914d6f594bda6bdebcba31b625049de44dc8befcabd37e4bb989be35	28403166	2026-07-01	/p/BRAIN_DRAIN/Data/post_2000/all_deg.csv
dd2be8bfa7dcc2583a506b3a88fa6c4686eb88117b454b0388693e55d76f1433	351915	2026-07-01	/p/BRAIN_DRAIN/Data/post_2000/bin_cbsa_10.csv
edcb51679ef473ded75ee34303daf9361f5b38512a0d78d20375066a124443f7	379255	2026-07-01	/p/BRAIN_DRAIN/Data/post_2000/bin_cbsa_25.csv
b3fc344801bcf2feacbc81b357a8ebafceac44704e7e3dbd6b6d0de213dafcb6	249501	2026-07-01	/p/BRAIN_DRAIN/Data/post_2000/bin_cbsa_5.csv
0b7c5dae8d01cde27960b07b9130a6ba09774a3176299bb81f3f60e5c9d290bc	229388	2026-07-01	/p/BRAIN_DRAIN/Data/post_2000/bin_state_10.csv
2189e23eb8338e64341e5900dcb924f2d11688de2488788f47d7b9fdd90261b7	317648	2026-07-01	/p/BRAIN_DRAIN/Data/post_2000/bin_state_25.csv
75caf00ea77e19517f94a23128d620e8c9b15533ef38be0ffab3d7b882ae2d1a	166738	2026-07-01	/p/BRAIN_DRAIN/Data/post_2000/bin_state_5.csv
9a791226b7b71073572c0024b58c8ab79355d6f7fd0e2ebd09b31c97e1e6a587	879078	2026-07-01	/p/BRAIN_DRAIN/Data/post_2000/business_deg.csv
47165f35acfb475a217c85d7ccac1b859d3c5daa5b24e5f48fda2b9455a9b7cc	21300	2026-07-01	/p/BRAIN_DRAIN/Data/post_2000/coef_data_semi.csv
4d959813ef2109d605830aaaaebd74b42bd5ee52cca784dbf1506f64cb3047a8	1861	2026-07-01	/p/BRAIN_DRAIN/Data/post_2000/compliers.csv
dc4bb9d527453074302a0ba4793db8ad03db5934ecf9007a0b5281e56cdefb25	19167	2026-07-01	/p/BRAIN_DRAIN/Data/post_2000/dens_sam.csv
783b401201c4f5fe121c6ecde938b4f59d3b0e9d61f209c542c3a41160fc8a0a	2380899	2026-07-01	/p/BRAIN_DRAIN/Data/post_2000/destination_cbsa.csv
d06874c28cb78f77cc39a4ec4ffa9b19d2fdc61cbce9f432dd50d28b52c23b54	983969	2026-07-01	/p/BRAIN_DRAIN/Data/post_2000/destination_state.csv
09886b0763c1c7dff594a615967e02c71bafa39b0d3f313736802a958d6da919	3534	2026-07-01	/p/BRAIN_DRAIN/Data/post_2000/directed_2000_2005.csv
350a961e40b00f28643c2ccd1ac5b99608bf8402a7eba932242b733446eabfba	3590	2026-07-01	/p/BRAIN_DRAIN/Data/post_2000/directed_2001_2006.csv
58a6f4c48db80a7568d6136234b50e358c3b4cfcb5fb9d7a5f0876eed1fd60d0	3621	2026-07-01	/p/BRAIN_DRAIN/Data/post_2000/directed_2002_2007.csv
fd219b704fefa2eae8671e126a27fc414e1ff8b033667329e6e526e83eaa602a	3634	2026-07-01	/p/BRAIN_DRAIN/Data/post_2000/directed_2003_2008.csv
c810b8bb89e10d247f88adcc61abd6032ecf27896c1bbde9cb7b2f10be9d3246	3681	2026-07-01	/p/BRAIN_DRAIN/Data/post_2000/directed_2004_2009.csv
3628e93350ce82ff63958b1eaea1fc547d9494db5e6510401d61c9f47508346d	3689	2026-07-01	/p/BRAIN_DRAIN/Data/post_2000/directed_2005_2010.csv
07e5bae0f708b790ee9e03690fcdfc0e3a615fe1ec89bf6ea8bbe3010a419122	3704	2026-07-01	/p/BRAIN_DRAIN/Data/post_2000/directed_2006_2011.csv
936ea524ae749cc6b7d7d45a26c70056489668aeebcc770a222ba73095ca93d8	3719	2026-07-01	/p/BRAIN_DRAIN/Data/post_2000/directed_2007_2012.csv
fc33d7f9405d83b34e5f40dd799159f0e0afa22a7ae338d04f0d6166e5ffd794	3719	2026-07-01	/p/BRAIN_DRAIN/Data/post_2000/directed_2008_2013.csv
1702827b33b012bdb11d34d3a28983be8988ec1b956b45db5f8e55ed64a40a0f	3735	2026-07-01	/p/BRAIN_DRAIN/Data/post_2000/directed_2009_2014.csv
07bb219648dbc76315a711250786b06ae008b91528b1ff5c565d4bc1ed9d78dc	3726	2026-07-01	/p/BRAIN_DRAIN/Data/post_2000/directed_2010_2015.csv
32dc0180474a3c27cc8f8e43c590a1cc5fb656f4dcd5069867bfabe05c5619f5	3753	2026-07-01	/p/BRAIN_DRAIN/Data/post_2000/directed_2011_2016.csv
9cfb641959a6027d4c03962346179aa025f71838c4a479909ce4cf8d1717c7a6	3742	2026-07-01	/p/BRAIN_DRAIN/Data/post_2000/directed_2012_2017.csv
9a791226b7b71073572c0024b58c8ab79355d6f7fd0e2ebd09b31c97e1e6a587	879078	2026-07-01	/p/BRAIN_DRAIN/Data/post_2000/engineering_deg.csv
7e128808a2fbcfe25260a87bfc58b6736771c35522a9b2b801815bec97a2948a	766	2026-07-01	/p/BRAIN_DRAIN/Data/post_2000/fraction_cohort.csv
71c4245402d6c695f766c0cd6617d06233ce725d530196178e692e52ed389d6d	14204	2026-07-01	/p/BRAIN_DRAIN/Data/post_2000/group_semi_elasticities.csv
207ee9e8ca212f0b1b43c48cfcc95281470f0da68170ae3082268c7a2e3980b3	2510	2026-07-01	/p/BRAIN_DRAIN/Data/post_2000/hs_shock_year_cbsa.csv
36c6ac72cda74471e0b967708cd1eb97989448cb1beff9341a3376d6171431fd	2512	2026-07-01	/p/BRAIN_DRAIN/Data/post_2000/hs_shock_year_state.csv
d21f6ed2e69518f07e83ee9779db34ea470445d63a297b4d13c2bb6355b34d29	49249	2026-07-01	/p/BRAIN_DRAIN/Data/post_2000/instate_li.csv
c4d194ad0ed32bf185cc5614a3265937987687480880337b5f955379127256ba	329	2026-07-01	/p/BRAIN_DRAIN/Data/post_2000/inst_levels.csv
5beb37dea6f360cfd85e26a372b2ba1bbb0fd7bddf0e3e77567196454f146703	936	2026-07-01	/p/BRAIN_DRAIN/Data/post_2000/leaver_levels_cbsa.csv
e4a273611b5f3e09dcb6020122837b922efd66a134720d567794a8c22c829306	1166	2026-07-01	/p/BRAIN_DRAIN/Data/post_2000/leaver_levels_state.csv
b6ad4d1f32a70a78404ad7c72e5e73df0df3a5784aebc0e7c2a1904e1df73900	485	2026-07-01	/p/BRAIN_DRAIN/Data/post_2000/li_deg_awarded.csv
29d359815ffcd086baffa372139d032258ad5ce38d19b6febc09d1d47d8de422	191840	2026-07-01	/p/BRAIN_DRAIN/Data/post_2000/li_inst.csv
aeb6673f2d8b83a87b590c7148c506029c14e9d645d1b82424f7564307e4a424	27004	2026-07-01	/p/BRAIN_DRAIN/Data/post_2000/local_differences.csv
7d2e18d04c4402618a92108af27ef1548814f30149e993f02cdd6b10aa4f49ca	1947563	2026-07-01	/p/BRAIN_DRAIN/Data/post_2000/local_stocks.csv
1d17cae21bd557c9c9efdcb83b4baef84abb6e12918e3229a4632eca94d33610	51189	2026-07-01	/p/BRAIN_DRAIN/Data/post_2000/local_ties_cbsa.csv
b62092fe05df9d0617d2a0a0400f08458390c5e385d1b3fa1fbc828e5066e788	6527	2026-07-01	/p/BRAIN_DRAIN/Data/post_2000/local_ties_state.csv
e15803436e658d61a8963856d782d0376d7d72073b5df7905c741ce8a7d0727f	80344	2026-07-01	/p/BRAIN_DRAIN/Data/post_2000/net_cbsa.csv
ebb3d03cd5e55ad62e64a4c0fea27d93764b902041672ad7ef6997a4013480e3	10327	2026-07-01	/p/BRAIN_DRAIN/Data/post_2000/net_state.csv
7d410f56ca6c8f922e8995ccd4b61777562f54501d70ed302c0fa41dbb69fc9b	1077	2026-07-01	/p/BRAIN_DRAIN/Data/post_2000/occp_inst_group.csv
6be6b4efb36fda3f3585b0eca502200d92d060e024e19a3e85a7150dbd1311e7	231	2026-07-01	/p/BRAIN_DRAIN/Data/post_2000/outsample_values.rds
b72fa92d0b52281f57cae6559a83131469da94f3dad47df94d50d8473981f5aa	26	2026-07-01	/p/BRAIN_DRAIN/Data/post_2000/quantiles_sam.csv
ed4ff29cf4dc98593b7adee88279c62622ffa8b661c8f53e34f27346e2224d96	240	2026-07-01	/p/BRAIN_DRAIN/Data/post_2000/restrict_values.rds
d4bb9494c2ee048ea867727c8e112669d45d0061e701b8992be6b5031bd5bc66	346683	2026-07-01	/p/BRAIN_DRAIN/Data/post_2000/returners_cbsa_10.csv
4a4d125599a3ae7814cfc460deb98112de8889f5b363981fb5c548c801058d21	126723	2026-07-01	/p/BRAIN_DRAIN/Data/post_2000/returners_cbsa_25.csv
27a0eaa87b4759c220bffa6652dce9336fed19269b04543a0984f9c70dd03142	192978	2026-07-01	/p/BRAIN_DRAIN/Data/post_2000/returners_cbsa_5.csv
de3fa76a21a705788c5ac6377d9f080e147e199546aa66f188fbffd2c195c63e	96604	2026-07-01	/p/BRAIN_DRAIN/Data/post_2000/returners_state_10.csv
22a4b59455b8cb76068443ec88b2dd328b841ab9fe1a223d85619b32a85b90fa	130175	2026-07-01	/p/BRAIN_DRAIN/Data/post_2000/returners_state_25.csv
127ff430d28b9036aaf2a59559f9b09bcfd8346932ddefba50d05ad238cae05e	71947	2026-07-01	/p/BRAIN_DRAIN/Data/post_2000/returners_state_5.csv
ea56a42f736a5e8559fbb35536379f4acc16436ba91bfecf8de3c5c9a77f343c	911	2026-07-01	/p/BRAIN_DRAIN/Data/post_2000/return_levels_cbsa.csv
d9dea911b5b3fa50897d50ace7ddca56b5e4ca2415c436ee5044964d385cde40	912	2026-07-01	/p/BRAIN_DRAIN/Data/post_2000/return_levels_state.csv
6a7db1dbd9f062c33de3be89e3fbd79ceff38ed7239f7d5140dd2aa64f1309f4	232	2026-07-01	/p/BRAIN_DRAIN/Data/post_2000/sample_values.rds
19917168634c253238a6366f9616128aa50f0dc5ed6f11074eadd541f8cd6bab	1124648	2026-07-01	/p/BRAIN_DRAIN/Data/post_2000/state_stocks.csv
849afcc78687eaa3f165c7ad1b27979aeb18ff30606b99a2de7b3d99ba2db236	301268	2026-07-01	/p/BRAIN_DRAIN/Data/post_2000/tie_stocks.csv
00e251164dff3e9fba329e11963339a8032d9f3078c204a3b5ea31c89ec2a4ef	241449	2026-07-01	/p/BRAIN_DRAIN/Data/post_2000/tie_stocks_alt.csv
43d43a358ad09d7f6b378785f5b93c32e2276661043ece4b981405c38503037f	1319373	2026-07-01	/p/BRAIN_DRAIN/Data/post_2000/total_deg.csv
51e519c0e59486f8545c7c07d82263f4763e4805f6e5a963068765e162978460	1293	2026-07-01	/p/BRAIN_DRAIN/Data/pre_2000/all_bin_shares_cbsa_10.csv
00302ca9ed314b6730e6acb86d03239d204e1971ff2207882de19ffe69edca25	732	2026-07-01	/p/BRAIN_DRAIN/Data/pre_2000/all_bin_shares_cbsa_5.csv
cde8621cef13391e5c011ec704ba61bab3a3bcd5a4ace2649af7556fbbbdbef2	355048	2026-07-01	/p/BRAIN_DRAIN/Data/pre_2000/bin_cbsa_10.csv
0043111d173124825724fc53b64cf24507ba98ff9875a06f68756b637fb47d2b	249331	2026-07-01	/p/BRAIN_DRAIN/Data/pre_2000/bin_cbsa_5.csv
2519a6f6df38d135ac7f246cc7493251b2d224bbdab951bddc3a725d8d48761f	22123	2026-07-01	/p/BRAIN_DRAIN/Data/pre_2000/coef_data_semi.csv
dd8b77e393a199f505324cd52adbf5589388eb17ee55bb199753895ee94467e3	1861	2026-07-01	/p/BRAIN_DRAIN/Data/pre_2000/compliers.csv
f84dcf6e60b86a1ebbab0538ab06e61464066d1a39bd191a93387a7b43bcbf99	19153	2026-07-01	/p/BRAIN_DRAIN/Data/pre_2000/dens_sam.csv
783b401201c4f5fe121c6ecde938b4f59d3b0e9d61f209c542c3a41160fc8a0a	2380899	2026-07-01	/p/BRAIN_DRAIN/Data/pre_2000/destination_cbsa.csv
d06874c28cb78f77cc39a4ec4ffa9b19d2fdc61cbce9f432dd50d28b52c23b54	983969	2026-07-01	/p/BRAIN_DRAIN/Data/pre_2000/destination_state.csv
09886b0763c1c7dff594a615967e02c71bafa39b0d3f313736802a958d6da919	3534	2026-07-01	/p/BRAIN_DRAIN/Data/pre_2000/directed_2000_2005.csv
350a961e40b00f28643c2ccd1ac5b99608bf8402a7eba932242b733446eabfba	3590	2026-07-01	/p/BRAIN_DRAIN/Data/pre_2000/directed_2001_2006.csv
58a6f4c48db80a7568d6136234b50e358c3b4cfcb5fb9d7a5f0876eed1fd60d0	3621	2026-07-01	/p/BRAIN_DRAIN/Data/pre_2000/directed_2002_2007.csv
fd219b704fefa2eae8671e126a27fc414e1ff8b033667329e6e526e83eaa602a	3634	2026-07-01	/p/BRAIN_DRAIN/Data/pre_2000/directed_2003_2008.csv
c810b8bb89e10d247f88adcc61abd6032ecf27896c1bbde9cb7b2f10be9d3246	3681	2026-07-01	/p/BRAIN_DRAIN/Data/pre_2000/directed_2004_2009.csv
3628e93350ce82ff63958b1eaea1fc547d9494db5e6510401d61c9f47508346d	3689	2026-07-01	/p/BRAIN_DRAIN/Data/pre_2000/directed_2005_2010.csv
07e5bae0f708b790ee9e03690fcdfc0e3a615fe1ec89bf6ea8bbe3010a419122	3704	2026-07-01	/p/BRAIN_DRAIN/Data/pre_2000/directed_2006_2011.csv
936ea524ae749cc6b7d7d45a26c70056489668aeebcc770a222ba73095ca93d8	3719	2026-07-01	/p/BRAIN_DRAIN/Data/pre_2000/directed_2007_2012.csv
fc33d7f9405d83b34e5f40dd799159f0e0afa22a7ae338d04f0d6166e5ffd794	3719	2026-07-01	/p/BRAIN_DRAIN/Data/pre_2000/directed_2008_2013.csv
1702827b33b012bdb11d34d3a28983be8988ec1b956b45db5f8e55ed64a40a0f	3735	2026-07-01	/p/BRAIN_DRAIN/Data/pre_2000/directed_2009_2014.csv
07bb219648dbc76315a711250786b06ae008b91528b1ff5c565d4bc1ed9d78dc	3726	2026-07-01	/p/BRAIN_DRAIN/Data/pre_2000/directed_2010_2015.csv
32dc0180474a3c27cc8f8e43c590a1cc5fb656f4dcd5069867bfabe05c5619f5	3753	2026-07-01	/p/BRAIN_DRAIN/Data/pre_2000/directed_2011_2016.csv
9cfb641959a6027d4c03962346179aa025f71838c4a479909ce4cf8d1717c7a6	3742	2026-07-01	/p/BRAIN_DRAIN/Data/pre_2000/directed_2012_2017.csv
7e128808a2fbcfe25260a87bfc58b6736771c35522a9b2b801815bec97a2948a	766	2026-07-01	/p/BRAIN_DRAIN/Data/pre_2000/fraction_cohort.csv
c2895cf4ce84ee8128c8c187b5c719c9329cbfad76c1c7288961f4ffd8babf5e	14342	2026-07-01	/p/BRAIN_DRAIN/Data/pre_2000/group_semi_elasticities.csv
083c3a01e035fe11dc7ff507b347b748d43097fef60948825e074377ffb962cb	3164	2026-07-01	/p/BRAIN_DRAIN/Data/pre_2000/hs_shock_year_cbsa.csv
92445fe0e6c1f7187a3d202c0bdca31986e96a21e92d2ec64394364d11221635	3166	2026-07-01	/p/BRAIN_DRAIN/Data/pre_2000/hs_shock_year_state.csv
d21f6ed2e69518f07e83ee9779db34ea470445d63a297b4d13c2bb6355b34d29	49249	2026-07-01	/p/BRAIN_DRAIN/Data/pre_2000/instate_li.csv
c4d194ad0ed32bf185cc5614a3265937987687480880337b5f955379127256ba	329	2026-07-01	/p/BRAIN_DRAIN/Data/pre_2000/inst_levels.csv
120ff80eb8529cf76ab8039f8ebb6022762202e97c3a6b532015525d8e18a01f	928	2026-07-01	/p/BRAIN_DRAIN/Data/pre_2000/leaver_levels_cbsa.csv
ebcdad606e04c2ccc3a6eda6f5ce86297ce59a8f0327ccd8fa5bb9474d945d5b	1152	2026-07-01	/p/BRAIN_DRAIN/Data/pre_2000/leaver_levels_state.csv
b6ad4d1f32a70a78404ad7c72e5e73df0df3a5784aebc0e7c2a1904e1df73900	485	2026-07-01	/p/BRAIN_DRAIN/Data/pre_2000/li_deg_awarded.csv
29d359815ffcd086baffa372139d032258ad5ce38d19b6febc09d1d47d8de422	191840	2026-07-01	/p/BRAIN_DRAIN/Data/pre_2000/li_inst.csv
0e6768ba44875b2b137acb747fc9e5167a27459a177e877c21c8133b55954fa3	27011	2026-07-01	/p/BRAIN_DRAIN/Data/pre_2000/local_differences.csv
7d2e18d04c4402618a92108af27ef1548814f30149e993f02cdd6b10aa4f49ca	1947563	2026-07-01	/p/BRAIN_DRAIN/Data/pre_2000/local_stocks.csv
1d17cae21bd557c9c9efdcb83b4baef84abb6e12918e3229a4632eca94d33610	51189	2026-07-01	/p/BRAIN_DRAIN/Data/pre_2000/local_ties_cbsa.csv
b62092fe05df9d0617d2a0a0400f08458390c5e385d1b3fa1fbc828e5066e788	6527	2026-07-01	/p/BRAIN_DRAIN/Data/pre_2000/local_ties_state.csv
e15803436e658d61a8963856d782d0376d7d72073b5df7905c741ce8a7d0727f	80344	2026-07-01	/p/BRAIN_DRAIN/Data/pre_2000/net_cbsa.csv
ebb3d03cd5e55ad62e64a4c0fea27d93764b902041672ad7ef6997a4013480e3	10327	2026-07-01	/p/BRAIN_DRAIN/Data/pre_2000/net_state.csv
43890ff7571760c1384fd29ccd0b1d2a292a86bebb8666bf198cdf08a21f58ea	391	2026-07-01	/p/BRAIN_DRAIN/Data/pre_2000/occp_inst_group.csv
b709fdd492f9dbaae3b86f0c6eab14a77162eaf13c8283a69730d426859bec18	231	2026-07-01	/p/BRAIN_DRAIN/Data/pre_2000/outsample_values.rds
5e99b752dcf52db69077bcc702ed890e1df7b5d0742370c0489d9fd43ceeb452	26	2026-07-01	/p/BRAIN_DRAIN/Data/pre_2000/quantiles_sam.csv
4a9b161f067875949fc7379036f0528ebd0a46f1f033e2346a192b6866dc7ee3	239	2026-07-01	/p/BRAIN_DRAIN/Data/pre_2000/restrict_values.rds
2695867267c0c6ea13307901ed50fead5abf750bdd46cbf87ad4909562448c22	221203	2026-07-01	/p/BRAIN_DRAIN/Data/pre_2000/returners_cbsa_10.csv
8d86e648b78c1050ec6973d2cf9de2de1ab2fb7861a482cec6861f8c3e3d0f3e	137702	2026-07-01	/p/BRAIN_DRAIN/Data/pre_2000/returners_cbsa_5.csv
e06e939dcea6a96ca5d39798bae174e577425964d79bc097ccc9651030a81882	907	2026-07-01	/p/BRAIN_DRAIN/Data/pre_2000/return_levels_cbsa.csv
94b6c1b653fbe11840f3181031c9183dc7e9d8ea15b7121bac0e00aeb1d5ecef	908	2026-07-01	/p/BRAIN_DRAIN/Data/pre_2000/return_levels_state.csv
6a7db1dbd9f062c33de3be89e3fbd79ceff38ed7239f7d5140dd2aa64f1309f4	232	2026-07-01	/p/BRAIN_DRAIN/Data/pre_2000/sample_values.rds
19917168634c253238a6366f9616128aa50f0dc5ed6f11074eadd541f8cd6bab	1124648	2026-07-01	/p/BRAIN_DRAIN/Data/pre_2000/state_stocks.csv
c2a7ddc33bc7c54af467eb024c5d005e53327dabc593c0219f1b6685724fc7be	505293	2026-07-01	/p/BRAIN_DRAIN/Data/pre_2000/tie_stocks.csv
EMPTY_FILE	0	2026-07-01	/p/BRAIN_DRAIN/Data/Private15.xlsx
EMPTY_FILE	0	2026-07-01	/p/BRAIN_DRAIN/Data/Public15.xlsx
HASH_ERROR	1670028	2026-07-01	/p/BRAIN_DRAIN/Data/raw_deg_award
HASH_ERROR	12679696	2026-07-01	/p/BRAIN_DRAIN/Data/raw_unmatched_strings.csv
HASH_ERROR	4100702	2026-07-01	/p/BRAIN_DRAIN/Data/raw_unmatched_strings.rds
HASH_ERROR	5499040	2026-07-01	/p/BRAIN_DRAIN/Data/regression_data.csv
EMPTY_FILE	0	2026-07-01	/p/BRAIN_DRAIN/Data/return_rate_layout.xlsx
HASH_ERROR	324820	2026-07-01	/p/BRAIN_DRAIN/Data/rsid_id_dup_crosswalk.rds
HASH_ERROR	373678	2026-07-01	/p/BRAIN_DRAIN/Data/rsid_wo_col.csv
HASH_ERROR	1959998	2026-07-01	/p/BRAIN_DRAIN/Data/schools.rds
HASH_ERROR	596	2026-07-01	/p/BRAIN_DRAIN/Data/state_fips.rds
EMPTY_FILE	0	2026-07-01	/p/BRAIN_DRAIN/Data/state_list.xlsx
HASH_ERROR	2215	2026-07-01	/p/BRAIN_DRAIN/Data/summary_demographics.csv
HASH_ERROR	1042	2026-07-01	/p/BRAIN_DRAIN/Data/summary_demographics.rds
EMPTY_FILE	0	2026-07-01	/p/BRAIN_DRAIN/Data/totals_cbsa.csv
EMPTY_FILE	0	2026-07-01	/p/BRAIN_DRAIN/Data/totals_cbsa.xlsx
HASH_ERROR	3841	2026-07-01	/p/BRAIN_DRAIN/Data/transfer_code.csv
HASH_ERROR	37610	2026-07-01	/p/BRAIN_DRAIN/Data/transfer_inventory.csv
HASH_ERROR	12548	2026-07-01	/p/BRAIN_DRAIN/Data/transfer_outputs.csv
HASH_ERROR	269731	2026-07-01	/p/BRAIN_DRAIN/Data/unmatched_cc.csv
HASH_ERROR	93899	2026-07-01	/p/BRAIN_DRAIN/Data/unmatched_cc.rds
HASH_ERROR	267148	2026-07-01	/p/BRAIN_DRAIN/Data/unmatched_col.csv
HASH_ERROR	92672	2026-07-01	/p/BRAIN_DRAIN/Data/unmatched_col.rds
HASH_ERROR	345559	2026-07-01	/p/BRAIN_DRAIN/Data/unmatched_hs.rds
EMPTY_FILE	0	2026-07-01	/p/BRAIN_DRAIN/Data/WholeData Data Dictionary.pdf
HASH_ERROR	165	2026-07-01	/p/BRAIN_DRAIN/Data/~$education.xlsx
HASH_ERROR	165	2026-07-01	/p/BRAIN_DRAIN/Data/~$occupation.xlsx
HASH_ERROR	165	2026-07-01	/p/BRAIN_DRAIN/Data/~$persistent_match_issues.xlsx
4ba65e78986a37024708e82d03619aaf7f3f55e3ffd107d2f61c6ec9e6926084	37524913108	2026-07-01	/p/BRAIN_DRAIN/Data/raw/revelio/2026.04.10_pos_2017.csv.zip
fd1f1623984b18d6217a6c4e27aebef12bbfcc280147d654e61ca20ea1fb92c2	39538097834	2026-07-01	/p/BRAIN_DRAIN/Data/raw/revelio/2026.04.10_pos_2018.csv.zip
