64bb9e99839c7cca1b57e43042ac76ab8886101e4b01c9768537b8219ac590a4	1231	2026-07-01	/p/BRAIN_DRAIN/Data/great_recession/all_bin_shares_cbsa_10.csv
e6f0c7ae30b4db91dcb0e1c196251f32e6d6c8740f61f13da9473ae9a0069fcc	663	2026-07-01	/p/BRAIN_DRAIN/Data/great_recession/all_bin_shares_cbsa_5.csv
34048b2061f938cd5fbfbedd6e2cef86642576e808a90d4eab565603eb24e2b4	122293	2026-07-01	/p/BRAIN_DRAIN/Data/great_recession/bin_cbsa_10.csv
e44e954d0e54ce4049a35507fc999342142cc35e17957aa466d51eee024b83dd	101216	2026-07-01	/p/BRAIN_DRAIN/Data/great_recession/bin_cbsa_5.csv
7973d2176cb1d6d4f2d0d0d3e0d759031e28ab6afcc3ea40547dd8e396cb7983	21183	2026-07-01	/p/BRAIN_DRAIN/Data/great_recession/coef_data_semi.csv
fe5159b61c0aef02fe8409c071dc71226a7b917f84d7e22cbf9b7329f34d46d4	1864	2026-07-01	/p/BRAIN_DRAIN/Data/great_recession/compliers.csv
eaef4055671721e607fd7f5b23bf6c767bc67853e26e0422ce44bf32a0711c27	19153	2026-07-01	/p/BRAIN_DRAIN/Data/great_recession/dens_sam.csv
783b401201c4f5fe121c6ecde938b4f59d3b0e9d61f209c542c3a41160fc8a0a	2380899	2026-07-01	/p/BRAIN_DRAIN/Data/great_recession/destination_cbsa.csv
d06874c28cb78f77cc39a4ec4ffa9b19d2fdc61cbce9f432dd50d28b52c23b54	983969	2026-07-01	/p/BRAIN_DRAIN/Data/great_recession/destination_state.csv
09886b0763c1c7dff594a615967e02c71bafa39b0d3f313736802a958d6da919	3534	2026-07-01	/p/BRAIN_DRAIN/Data/great_recession/directed_2000_2005.csv
350a961e40b00f28643c2ccd1ac5b99608bf8402a7eba932242b733446eabfba	3590	2026-07-01	/p/BRAIN_DRAIN/Data/great_recession/directed_2001_2006.csv
58a6f4c48db80a7568d6136234b50e358c3b4cfcb5fb9d7a5f0876eed1fd60d0	3621	2026-07-01	/p/BRAIN_DRAIN/Data/great_recession/directed_2002_2007.csv
fd219b704fefa2eae8671e126a27fc414e1ff8b033667329e6e526e83eaa602a	3634	2026-07-01	/p/BRAIN_DRAIN/Data/great_recession/directed_2003_2008.csv
c810b8bb89e10d247f88adcc61abd6032ecf27896c1bbde9cb7b2f10be9d3246	3681	2026-07-01	/p/BRAIN_DRAIN/Data/great_recession/directed_2004_2009.csv
3628e93350ce82ff63958b1eaea1fc547d9494db5e6510401d61c9f47508346d	3689	2026-07-01	/p/BRAIN_DRAIN/Data/great_recession/directed_2005_2010.csv
07e5bae0f708b790ee9e03690fcdfc0e3a615fe1ec89bf6ea8bbe3010a419122	3704	2026-07-01	/p/BRAIN_DRAIN/Data/great_recession/directed_2006_2011.csv
936ea524ae749cc6b7d7d45a26c70056489668aeebcc770a222ba73095ca93d8	3719	2026-07-01	/p/BRAIN_DRAIN/Data/great_recession/directed_2007_2012.csv
fc33d7f9405d83b34e5f40dd799159f0e0afa22a7ae338d04f0d6166e5ffd794	3719	2026-07-01	/p/BRAIN_DRAIN/Data/great_recession/directed_2008_2013.csv
1702827b33b012bdb11d34d3a28983be8988ec1b956b45db5f8e55ed64a40a0f	3735	2026-07-01	/p/BRAIN_DRAIN/Data/great_recession/directed_2009_2014.csv
07bb219648dbc76315a711250786b06ae008b91528b1ff5c565d4bc1ed9d78dc	3726	2026-07-01	/p/BRAIN_DRAIN/Data/great_recession/directed_2010_2015.csv
32dc0180474a3c27cc8f8e43c590a1cc5fb656f4dcd5069867bfabe05c5619f5	3753	2026-07-01	/p/BRAIN_DRAIN/Data/great_recession/directed_2011_2016.csv
9cfb641959a6027d4c03962346179aa025f71838c4a479909ce4cf8d1717c7a6	3742	2026-07-01	/p/BRAIN_DRAIN/Data/great_recession/directed_2012_2017.csv
7e128808a2fbcfe25260a87bfc58b6736771c35522a9b2b801815bec97a2948a	766	2026-07-01	/p/BRAIN_DRAIN/Data/great_recession/fraction_cohort.csv
556d6e8196a06b2feb662e41afeb92b04d1096fe180d34da217f016ec6737296	14170	2026-07-01	/p/BRAIN_DRAIN/Data/great_recession/group_semi_elasticities.csv
b9e01c2c18bb5cc229b7bf4fba240c4336b21bd52e0b13ba976ec5fee5db79fd	591	2026-07-01	/p/BRAIN_DRAIN/Data/great_recession/hs_shock_year_cbsa.csv
00052b3aa70314550d563a70a5795d9b4af8c64d620c67e1ec8058a746192814	588	2026-07-01	/p/BRAIN_DRAIN/Data/great_recession/hs_shock_year_state.csv
d21f6ed2e69518f07e83ee9779db34ea470445d63a297b4d13c2bb6355b34d29	49249	2026-07-01	/p/BRAIN_DRAIN/Data/great_recession/instate_li.csv
c4d194ad0ed32bf185cc5614a3265937987687480880337b5f955379127256ba	329	2026-07-01	/p/BRAIN_DRAIN/Data/great_recession/inst_levels.csv
e961bb196ffe884f50868c279e2ba9d596d440f27494869c6379d0070aac03af	925	2026-07-01	/p/BRAIN_DRAIN/Data/great_recession/leaver_levels_cbsa.csv
1870510f443b2056128b47335b965d26f03ff305a6d02bd2a6e585fd8d951e7a	1147	2026-07-01	/p/BRAIN_DRAIN/Data/great_recession/leaver_levels_state.csv
b6ad4d1f32a70a78404ad7c72e5e73df0df3a5784aebc0e7c2a1904e1df73900	485	2026-07-01	/p/BRAIN_DRAIN/Data/great_recession/li_deg_awarded.csv
29d359815ffcd086baffa372139d032258ad5ce38d19b6febc09d1d47d8de422	191840	2026-07-01	/p/BRAIN_DRAIN/Data/great_recession/li_inst.csv
3dc9a33871eb5694d3fb4ec0322025a9225138eb2f600fb46654b967c47d1d60	26998	2026-07-01	/p/BRAIN_DRAIN/Data/great_recession/local_differences.csv
7d2e18d04c4402618a92108af27ef1548814f30149e993f02cdd6b10aa4f49ca	1947563	2026-07-01	/p/BRAIN_DRAIN/Data/great_recession/local_stocks.csv
1d17cae21bd557c9c9efdcb83b4baef84abb6e12918e3229a4632eca94d33610	51189	2026-07-01	/p/BRAIN_DRAIN/Data/great_recession/local_ties_cbsa.csv
b62092fe05df9d0617d2a0a0400f08458390c5e385d1b3fa1fbc828e5066e788	6527	2026-07-01	/p/BRAIN_DRAIN/Data/great_recession/local_ties_state.csv
e15803436e658d61a8963856d782d0376d7d72073b5df7905c741ce8a7d0727f	80344	2026-07-01	/p/BRAIN_DRAIN/Data/great_recession/net_cbsa.csv
ebb3d03cd5e55ad62e64a4c0fea27d93764b902041672ad7ef6997a4013480e3	10327	2026-07-01	/p/BRAIN_DRAIN/Data/great_recession/net_state.csv
fd99850a4bf44907109833d1fb8b78e08a07d3427e4de36654124b1df3fcf5ac	388	2026-07-01	/p/BRAIN_DRAIN/Data/great_recession/occp_inst_group.csv
b3cea0ea7ec9403f57e168dd6fe3018d3e85f9ed666a5846ef55eafa55838931	231	2026-07-01	/p/BRAIN_DRAIN/Data/great_recession/outsample_values.rds
b72fa92d0b52281f57cae6559a83131469da94f3dad47df94d50d8473981f5aa	26	2026-07-01	/p/BRAIN_DRAIN/Data/great_recession/quantiles_sam.csv
102c455d5f5fad7f17d327b24f6295bd38f8e906f7dc83c0ef7cb6d408bc106b	237	2026-07-01	/p/BRAIN_DRAIN/Data/great_recession/restrict_values.rds
b9886745ecff9f36c3307e265bd5272a7d450cb93f77b383cae3dc3a13af5388	218617	2026-07-01	/p/BRAIN_DRAIN/Data/great_recession/returners_cbsa_10.csv
f9e4ced198249cad36af0f5974305ccef7214c0ffeb6ee10a10ea673deb7a338	138271	2026-07-01	/p/BRAIN_DRAIN/Data/great_recession/returners_cbsa_5.csv
68bdd552a56319777b96fade335a8e24ca91db63e5a6aeb7726889b3e6221e6d	891	2026-07-01	/p/BRAIN_DRAIN/Data/great_recession/return_levels_cbsa.csv
cbc44a936344a46e0dd31948061a23f228873eeeadde01b867b0f79668b4b065	897	2026-07-01	/p/BRAIN_DRAIN/Data/great_recession/return_levels_state.csv
6a7db1dbd9f062c33de3be89e3fbd79ceff38ed7239f7d5140dd2aa64f1309f4	232	2026-07-01	/p/BRAIN_DRAIN/Data/great_recession/sample_values.rds
19917168634c253238a6366f9616128aa50f0dc5ed6f11074eadd541f8cd6bab	1124648	2026-07-01	/p/BRAIN_DRAIN/Data/great_recession/state_stocks.csv
83916e86a648a2054e27c7a1d943215cfe5d4a568b1adfcc0dde17e659893ec3	203052	2026-07-01	/p/BRAIN_DRAIN/Data/great_recession/tie_stocks.csv
508975b6914d6f594bda6bdebcba31b625049de44dc8befcabd37e4bb989be35	28403166	2026-07-01	/p/BRAIN_DRAIN/Data/intermediate/all_deg.csv
81053fd5b4ae137098bffa5c6c47b91ec8052eaa43148f58826e4a57b145a86e	64459	2026-07-01	/p/BRAIN_DRAIN/Data/intermediate/be_sch.csv
9d0132b9e9749b83854546807c911720fcda834d665a748e12ab51803e5e1c50	103142	2026-07-01	/p/BRAIN_DRAIN/Data/intermediate/be_sch_full.csv
be765b497e5b735d577cb52766314c8d75cc9a429f1168f2658c02df546cb937	46947	2026-07-01	/p/BRAIN_DRAIN/Data/intermediate/be_sch_grad.csv
bc4cc94f4db8c3cb91b3e4e2e903748e6b00e0790c75a26582a11b6af7b1d7cb	152015510	2026-07-01	/p/BRAIN_DRAIN/Data/intermediate/both_demo.rds
85671b5593da9a641fda1677b1d8aabf6eca8dd1ffdb558a7ff854ac6f564548	124896206	2026-07-01	/p/BRAIN_DRAIN/Data/intermediate/both_final.rds
8636858068273647f73ca578768b77ff0fb2260bef58a8c350c55bc3c3320283	90543244	2026-07-01	/p/BRAIN_DRAIN/Data/intermediate/both_orig.rds
0e2cc969f828ce11d2bf5396e7efd0bcfdc95350ae2e07a2d64239178cb1551e	1043217	2026-07-01	/p/BRAIN_DRAIN/Data/intermediate/business_deg.csv
3187b4d9e9f88648663c4169924f2de6b7f5ec78cdda1d987dcd502c0196b239	7427833	2026-07-01	/p/BRAIN_DRAIN/Data/intermediate/cbsa_shock.csv
34a5522fcac03deed6c76eb0e000e12f48c43e6d81497b19e4d08151a99c6516	284967	2026-07-01	/p/BRAIN_DRAIN/Data/intermediate/cc.rds
f1ccad6f06e674ef2a27e891603fb8a1ee5002434046244bfe108bbf649a4b0f	948689	2026-07-01	/p/BRAIN_DRAIN/Data/intermediate/cc_alias.csv
57f1a24cf88935974fd08f32a5b65f843fdfb3ddfe32291ca12c9c007b25145b	238698	2026-07-01	/p/BRAIN_DRAIN/Data/intermediate/cc_alias.rds
dcf84b83034f8ec933d963ec3e1e8d181d13fa0bf4c0b5f970db425a5a7e21cd	94508	2026-07-01	/p/BRAIN_DRAIN/Data/intermediate/cc_rsid_crosswalk.rds
34daca451d447ef1b90f86cf5bcccb92276b05a3aab5a15f8971559fe51c2106	257529	2026-07-01	/p/BRAIN_DRAIN/Data/intermediate/cc_strings.csv
3417d3f2359ddeaa8d9025e6da6219f34fe0a2cd9b12dfca63506193316d0870	75647	2026-07-01	/p/BRAIN_DRAIN/Data/intermediate/cc_strings.rds
d228c164ce9b2e46050a6223831046e338409513ff92a001abd2e9db8e770d9e	12542	2026-07-01	/p/BRAIN_DRAIN/Data/intermediate/classification_sample_1.csv
f843d36c1b59e0afba54d2273d8644cb631835d2b496f5dd5c92db77fb0dc015	1041	2026-07-01	/p/BRAIN_DRAIN/Data/intermediate/cohort_return_col_10.csv
64b06f9293eddcbe2ff31fa71fff552e3a8af77fb6cd78a8fd5f7e0d5e6d5a6a	1053	2026-07-01	/p/BRAIN_DRAIN/Data/intermediate/cohort_return_hs_10.csv
b9700fa2ebcb0e5a714cec7f948366f78eddf15de30b03e39707336c4b894ed2	958	2026-07-01	/p/BRAIN_DRAIN/Data/intermediate/cohort_x_grad
1130c242a510fd1a64d21e8b3547edad5a2ad282020559f2bb5bba1982523e5b	95170	2026-07-01	/p/BRAIN_DRAIN/Data/intermediate/cohort_x_grad.csv
e795542c70d34aba54d76ed4f46c3ebf021a5a471216b0caf8f9337b57c98089	10207581	2026-07-01	/p/BRAIN_DRAIN/Data/intermediate/CollegeMarketShares_state.csv
68ab7c636e64dd0ec628360b31ce431f6d0cf059c60be5af8fce014faadad5b0	323383	2026-07-01	/p/BRAIN_DRAIN/Data/intermediate/colleges.rds
59683e5c02f7608ee4e2dc07242123afa38f8715f3457181be3d6fee26d503b2	1874599	2026-07-01	/p/BRAIN_DRAIN/Data/intermediate/col_alias.csv
79afba2606dd1a4e634a2922acf6db825ef3e849eb673a748be4c9ce19576ad4	348495	2026-07-01	/p/BRAIN_DRAIN/Data/intermediate/col_alias.rds
b072c6f36b0362332060072d78b767c0337d36ed692f0c975591f9e971fee9a2	156432643	2026-07-01	/p/BRAIN_DRAIN/Data/intermediate/col_alias_resp.rds
0cded078ac293557d52de45c7fdb3af8f9a51663d44789d6fe8e8fe502c532c7	734635	2026-07-01	/p/BRAIN_DRAIN/Data/intermediate/col_ct.csv
ae74d60b1eab16698cb51d68aaa45dbac138de5fb619d3e57b13dc1135635e17	271062	2026-07-01	/p/BRAIN_DRAIN/Data/intermediate/col_ct.rds
f4445c206cb9f2a14a252ac4ce632a73b82cc764995689cdda1551a3a08cc012	121128	2026-07-01	/p/BRAIN_DRAIN/Data/intermediate/col_embed.rds
3c563a2016ac5c865b818aa6d1a6826c5d6d5e19999a2d471215146a533eb2ce	20526	2026-07-01	/p/BRAIN_DRAIN/Data/intermediate/col_gt.csv
3d97bd563df135a171b724d67b4947840252527a48baa4d413b3b87e433a9fe4	174849	2026-07-01	/p/BRAIN_DRAIN/Data/intermediate/col_rsid_crosswalk.rds
a46399d1b5086ec08cdac83f035e0e01ed9d543b642c601d25062ed9b687a34f	135297	2026-07-01	/p/BRAIN_DRAIN/Data/intermediate/col_shock.csv
ee43bcc5f633623c9567412958b2673eb976708dc05324da5ee165885210483c	604944	2026-07-01	/p/BRAIN_DRAIN/Data/intermediate/col_strings.csv
6d38baf5de8a45561381e9c552c91a189f13039e0bdd52a6f5499fd432f308d8	164166	2026-07-01	/p/BRAIN_DRAIN/Data/intermediate/col_strings.rds
f1ea30f3929cac4f3e7a5058c8dcb9e27b4c04a2c36dd02da2ca92eb69ba5e3a	43117	2026-07-01	/p/BRAIN_DRAIN/Data/intermediate/col_wo_rsid.csv
783b401201c4f5fe121c6ecde938b4f59d3b0e9d61f209c542c3a41160fc8a0a	2380899	2026-07-01	/p/BRAIN_DRAIN/Data/intermediate/destination_cbsa.csv
d06874c28cb78f77cc39a4ec4ffa9b19d2fdc61cbce9f432dd50d28b52c23b54	983969	2026-07-01	/p/BRAIN_DRAIN/Data/intermediate/destination_state.csv
64f3e7914ee13b94e7be8276e4b6772171ab36ce70a49e5872f1e0db5d349ba9	27572	2026-07-01	/p/BRAIN_DRAIN/Data/intermediate/diff_cbsa.csv
ea1f2286814d09843c774e6427e6e90e795657d1ade2c8f4b1b832f1679901b4	174712	2026-07-01	/p/BRAIN_DRAIN/Data/intermediate/dupe_match_rsid.csv
e0d8f2529930a6107120d6469f04fbeee6f6e5c44c4dc08725e454a028f35605	119763	2026-07-01	/p/BRAIN_DRAIN/Data/intermediate/education__07.xlsx
c6aeea60dbbcb971d10ae71a2ca198112eafea3ba9a5597edba542a67818a79d	119908	2026-07-01	/p/BRAIN_DRAIN/Data/intermediate/education__top.xlsx
89489a111dd46cfa71967ac4ce6299b769c9d5db26bb0289f8a814ebaca7ba63	121029697	2026-07-01	/p/BRAIN_DRAIN/Data/intermediate/ed_wide.rds
fd82236b81e493794cf21a35f21c74c533b6ad7f75fcd032676b5dadd9e7bab8	301888	2026-07-01	/p/BRAIN_DRAIN/Data/intermediate/engineering_deg.csv
24de088bc0ba33f6e5d26920367e2148435d2c8627e45a83761a3ef24105273b	10737728	2026-07-01	/p/BRAIN_DRAIN/Data/intermediate/finance_raw.csv
e311a60688bced9a0c511135771500efc8d4c9329b310cad666be8f518a93c11	44575	2026-07-01	/p/BRAIN_DRAIN/Data/intermediate/fraction.csv
c20fbb2d6da98984b6ef21c6a2df8cf1c0f4e529af813723d589b3197454fc8d	9556580	2026-07-01	/p/BRAIN_DRAIN/Data/intermediate/hs_alias.csv
7ec6944d4d1ef04d6dc58e5dbfb1fef9a68460ef173b40d24d9a3308275c1d1d	1451740	2026-07-01	/p/BRAIN_DRAIN/Data/intermediate/hs_alias.rds
1d87dc527dec66f6a4cfdb1e3423a269f29942210a256cb0c8aeba337034e0dc	273498112	2026-07-01	/p/BRAIN_DRAIN/Data/intermediate/hs_alias_resp.rds
ea0b2e80089dc612bc05d2d31b445f26a072e7fda2bf9508fab554299e12c175	14653586	2026-07-01	/p/BRAIN_DRAIN/Data/intermediate/hs_col_classification.csv
eb52bf1407744fd53677be39d503a99805fe552e19cd934b4fb2557533e5e62b	48520	2026-07-01	/p/BRAIN_DRAIN/Data/intermediate/hs_embed.rds
71acc2d867ddf9f5e401ddf777eb99c9ac6fc0c3af8b18c7f3f67631e598a094	14270	2026-07-01	/p/BRAIN_DRAIN/Data/intermediate/hs_gt.csv
34234334b4842439aaeedd902f34e2962c8c5769ee547c3ee99b7dc1225d95bf	500468	2026-07-01	/p/BRAIN_DRAIN/Data/intermediate/hs_rsid_crosswalk.rds
8ffe7e9ab7ddc1ac6adbfdee3e7f3c1f8f7bb3cf07c9ed6a5c473cd3b2601037	135296	2026-07-01	/p/BRAIN_DRAIN/Data/intermediate/hs_shock.csv
8c366efdc2e30f13b138d5f716b0e6cd251263238403ade246e3350c85650852	5614	2026-07-01	/p/BRAIN_DRAIN/Data/intermediate/hs_shock_year_cbsa.csv
4dc2bd752b20530826e2917871daca498f6af6cc87c8b8cf473ba4c54415dd3c	5614	2026-07-01	/p/BRAIN_DRAIN/Data/intermediate/hs_shock_year_state.csv
f3bdfc85e00064b1dde242f5d1993fbb6a2749a5ca2e145fc936fe54852d32d4	28051801	2026-07-01	/p/BRAIN_DRAIN/Data/intermediate/hs_strings.csv
ffd062c6024424c1375ecd097de52eea24f2558fcf4ca6244f4948601933ffa9	4817514	2026-07-01	/p/BRAIN_DRAIN/Data/intermediate/hs_strings.rds
7ad2d768cea7238cbcfaacf85520f1d02fe96ca011ae51660c319de999d5adf7	21486726	2026-07-01	/p/BRAIN_DRAIN/Data/intermediate/input_col.rds
acc49593093f33e2a2003f20861d03dad45827f9b1cebe505ff7e73d8d07692f	340042363	2026-07-01	/p/BRAIN_DRAIN/Data/intermediate/input_col_m.rds
d21f6ed2e69518f07e83ee9779db34ea470445d63a297b4d13c2bb6355b34d29	49249	2026-07-01	/p/BRAIN_DRAIN/Data/intermediate/instate_li.csv
837fb4bae384f210dea0f46d67347c22f729171e0237cb031b1eaac5491be5c7	569517	2026-07-01	/p/BRAIN_DRAIN/Data/intermediate/institutional_characteristics.csv
7f5d6050f1c4c60523d8ee4ede8ab9215c02a0365777d1d0ac1b44d781076f1e	2662634	2026-07-01	/p/BRAIN_DRAIN/Data/intermediate/institution_crosswalk.csv
026f821cbf30cb0ff243dcbdcfc38e044f9f9f350105165f639a77e4abb73d77	609849	2026-07-01	/p/BRAIN_DRAIN/Data/intermediate/inst_counts.csv
c4d194ad0ed32bf185cc5614a3265937987687480880337b5f955379127256ba	329	2026-07-01	/p/BRAIN_DRAIN/Data/intermediate/inst_levels.csv
187c135fce8cf10a6993fd5419e37b2a97d52ea96864ebce128d44d659f48dbe	609782	2026-07-01	/p/BRAIN_DRAIN/Data/intermediate/inst_names.csv
5ec8dd13e581b4930518fa6bc31f21a35d93a0911efcce1db82c93f79deb0a60	422700	2026-07-01	/p/BRAIN_DRAIN/Data/intermediate/intercensal.csv
7a84b8590ac07066618f49d49f86fef095d0020e180333e41b4619966baa87d6	224033	2026-07-01	/p/BRAIN_DRAIN/Data/intermediate/ipeds_deg_awarded.rds
5a131f760c9122f0a83494649f96a0f988cf71c8f88a5816256ecb5ccdc41f91	1261	2026-07-01	/p/BRAIN_DRAIN/Data/intermediate/ipeds_deg_awarded_field
9649fed9cb6567edeeb6495eb63658b00e3b075e1777de4faf060d26d7b75d00	54966	2026-07-01	/p/BRAIN_DRAIN/Data/intermediate/ipeds_finance_troubleshoot.xlsx
5af3068c310819c35f136b64b17757f5afeb0fdaf52f29f6bd361ba0b42d871d	185959	2026-07-01	/p/BRAIN_DRAIN/Data/intermediate/li_inst.csv
e5696449a81bcc4a79be6477f95f7ac32b6b23488dbb2f2a9c90975cebb3d056	9223	2026-07-01	/p/BRAIN_DRAIN/Data/intermediate/llm_1_unk.csv
35d7dd1eddbf16c6d46bca6bf3f52e7e47beb7ba028e2691bbf8b6cd4f0640dc	21194	2026-07-01	/p/BRAIN_DRAIN/Data/intermediate/llm_1_unk.xlsx
ad8ec7a54c3fd206be4c6bd9a1bae67767d5876c592e2d91ceae6b50c51b6aeb	10859	2026-07-01	/p/BRAIN_DRAIN/Data/intermediate/llm_1_us.csv
3a8e0cf45b69e1fcd6cf5ba8ee9db154672e895eba9f60abd8795371c002ffd8	19451	2026-07-01	/p/BRAIN_DRAIN/Data/intermediate/llm_1_us.xlsx
b92f7be25625bbbec4342e2b5cda3bdc5fce12c6888a4f8f075d3a7f0be093c4	25514	2026-07-01	/p/BRAIN_DRAIN/Data/intermediate/local_differences.csv
0cdf3e2f802b86bea00b8b9ca092aab5c4210a9de9ba8915a005015ab52f8530	49953	2026-07-01	/p/BRAIN_DRAIN/Data/intermediate/local_differences_unfilt.csv
828b1fc797cedb001c18692e1969fc2a6c03b41f24b31776c0165e315cecac28	1947274	2026-07-01	/p/BRAIN_DRAIN/Data/intermediate/local_stocks.csv
1d17cae21bd557c9c9efdcb83b4baef84abb6e12918e3229a4632eca94d33610	51189	2026-07-01	/p/BRAIN_DRAIN/Data/intermediate/local_ties_cbsa.csv
b62092fe05df9d0617d2a0a0400f08458390c5e385d1b3fa1fbc828e5066e788	6527	2026-07-01	/p/BRAIN_DRAIN/Data/intermediate/local_ties_state.csv
afbc02cdf6ff0050f2c8f46d7869549e5cbbb0fdf37349f310533866e0e794ee	98388	2026-07-01	/p/BRAIN_DRAIN/Data/intermediate/matched_col.rds
1b3e3333363dc8e4f40d4bc9f34ba3fa814b2656a7582f5a17678b379b36e1af	632072	2026-07-01	/p/BRAIN_DRAIN/Data/intermediate/matched_hs.rds
b2b2fa9b38b2bf3dcbb17088b6cd28fc59714d42ae6800c3f1664fcb29588e69	55420	2026-07-01	/p/BRAIN_DRAIN/Data/intermediate/match_problems.xlsx
35830d0a992d52f67d8324204b0b39963a020cfa3c2f00fc4955089c163f2f11	20331	2026-07-01	/p/BRAIN_DRAIN/Data/intermediate/microdata_sample__05.csv
c642f729cd07ecebb9bbd1178773478e12db11997f051c042a0c3663ede45ff4	171259082	2026-07-01	/p/BRAIN_DRAIN/Data/intermediate/microdata_sample__06.csv
5cb4bb9d29923f4f487a90acae024f6637715337cc5f77efd179fb945079501c	148025	2026-07-01	/p/BRAIN_DRAIN/Data/intermediate/microdata_sample__top.csv
8f1ea3c0b8c69128c22a166487f8bf3684ac638ccbb71a7d5506115713652741	1970532	2026-07-01	/p/BRAIN_DRAIN/Data/intermediate/misfits_2.csv
321620e071ab8b0b15c2a9cb8bf7b1cb4a63e862220ea5d4b743d5cb96bab031	3673361	2026-07-01	/p/BRAIN_DRAIN/Data/intermediate/misfits_3.csv
cf686bdcdf78ab914b5d093adc164641c93a0b9df046a46dfedcf41d27c3014b	5458033	2026-07-01	/p/BRAIN_DRAIN/Data/intermediate/misfits_correction.csv
b864bc3b91764c6a2d7c3d2f379901627df84a57640fbdbcf9f385c4fc90b356	262892	2026-07-01	/p/BRAIN_DRAIN/Data/intermediate/misfits_helper.xlsx
714e7565e3f5224f525cff688101e02c8a188bf049c550a95b10818d5f3b4372	6563564	2026-07-01	/p/BRAIN_DRAIN/Data/intermediate/misfit_counts.csv
fbdf7c116a2ae3f2e2439eddb8fdc6033e5efd3a1e293c7c7f8c2616da6caab9	161	2026-07-01	/p/BRAIN_DRAIN/Data/intermediate/msa_string_cleaning.csv
ca0e293e91712dd41d5ce1b4909e8bee2db9824a1011be68f40c35aa791d2087	10296	2026-07-01	/p/BRAIN_DRAIN/Data/intermediate/msa_string_cleaning.xlsx
e15803436e658d61a8963856d782d0376d7d72073b5df7905c741ce8a7d0727f	80344	2026-07-01	/p/BRAIN_DRAIN/Data/intermediate/net_cbsa.csv
ebb3d03cd5e55ad62e64a4c0fea27d93764b902041672ad7ef6997a4013480e3	10327	2026-07-01	/p/BRAIN_DRAIN/Data/intermediate/net_state.csv
467ef38b865f18dc0c94aa82540ccc0f69a31dc92b73bfaa38790c9778ad2ea1	818	2026-07-01	/p/BRAIN_DRAIN/Data/intermediate/no_prestige_soc.csv
117ac0881873c74d4e12b0bb12bb09dc304d7ec89859796e25bd5b5c409d4600	582523	2026-07-01	/p/BRAIN_DRAIN/Data/intermediate/numerator.csv
efd9bcb7102f66375ed7728c837b287c6e833eb44a4161ac83a6e6690755e3f5	1344	2026-07-01	/p/BRAIN_DRAIN/Data/intermediate/occp_inst_group.csv
01208077d451eaaed1b1be16adf4f0c4f29194bbbe277207bf20e1b32fb1c143	226997	2026-07-01	/p/BRAIN_DRAIN/Data/intermediate/occupational_prestige.csv
94bb6b1c7bb04c74c1e377973316c0e821cad6689f88cf0b95a49ae733e55d9d	27985	2026-07-01	/p/BRAIN_DRAIN/Data/intermediate/persistent_match_issues.xlsx
11a1dc7c6fc652d057427610241c1b0d75eaf9b54b1df873732c96489efbdab7	1670028	2026-07-01	/p/BRAIN_DRAIN/Data/intermediate/raw_deg_award
21492db73cf4802c1e1c1a83e06ed0ea8161c4746fa5286a10024afad3301866	12679696	2026-07-01	/p/BRAIN_DRAIN/Data/intermediate/raw_unmatched_strings.csv
57600800b1792e82179c9647eacb09d53b2c4a506bfaaa9b42d5757225301d20	4100702	2026-07-01	/p/BRAIN_DRAIN/Data/intermediate/raw_unmatched_strings.rds
7defe6d3ab549c1a0e753adf0ace787e268fd985b8e98e0c420ef4e8da6e538e	377787	2026-07-01	/p/BRAIN_DRAIN/Data/intermediate/recruitment.csv
3ac756514f27a4fe1be733ddd45a9c11ceeea67453ddc64dc58bbe3dd56ed6eb	15547388	2026-07-01	/p/BRAIN_DRAIN/Data/intermediate/return.csv
08256f27ae57f2b77d908eecf0aebad55492bcd2a0bef8da56797e051ece0345	41560	2026-07-01	/p/BRAIN_DRAIN/Data/intermediate/return_by_year.csv
fe189a508aeca98ab14e57058571b220d3374de002b2d5e844827657337ae0fc	363	2026-07-01	/p/BRAIN_DRAIN/Data/intermediate/return_levels_cbsa.csv
162e6c31b24a94b2262f062a9b9bd9106a28617c359b214fd0e0e2e154898105	291	2026-07-01	/p/BRAIN_DRAIN/Data/intermediate/return_levels_state.csv
b475daae6ad72464c66ce0b8b6a1869956c83f885b5580fbdcdcffdc33aabc8f	40444957	2026-07-01	/p/BRAIN_DRAIN/Data/intermediate/return_occp.csv
60242c5c8b5cb98c51599459137f7a4e2aeb0a5c862051e101124f134b808c62	324820	2026-07-01	/p/BRAIN_DRAIN/Data/intermediate/rsid_id_dup_crosswalk.rds
07e5e1f09632db6f28dd1df557fbb0dd9d2e0d6377d0d40f709469c8c723b8ad	373678	2026-07-01	/p/BRAIN_DRAIN/Data/intermediate/rsid_wo_col.csv
3514e5e0df8216f7637ec4bc5e6ae7137d266fe506f03c1113abc918409e033f	258	2026-07-01	/p/BRAIN_DRAIN/Data/intermediate/sample_values.csv
35c91c654378c424a9e5bd9db4f3d674cffebcb42887e13f5a36e3a9219f4e43	1959998	2026-07-01	/p/BRAIN_DRAIN/Data/intermediate/schools.rds
240576e71bb0a23f699e5fb72b5c945bd75c5059a76432791a677a1e4e2254a4	1006407	2026-07-01	/p/BRAIN_DRAIN/Data/intermediate/shares.csv
e1afd5f0bbfa28fe514a7acf0152c255f7541ce7cb8b8cf11572ce6e0f1125b1	83196309	2026-07-01	/p/BRAIN_DRAIN/Data/intermediate/shifts.csv
1e18ceb97a97ea1bd143a4586692e3047983bf89c32ed80816fa94660dd5506d	189227	2026-07-01	/p/BRAIN_DRAIN/Data/intermediate/soc_ba.csv
a596134495bd49496b4406a370b48ad6a81998a0d3db0582843db512fc817d3f	15368	2026-07-01	/p/BRAIN_DRAIN/Data/intermediate/soc_li_distribution.csv
1e18ceb97a97ea1bd143a4586692e3047983bf89c32ed80816fa94660dd5506d	189227	2026-07-01	/p/BRAIN_DRAIN/Data/intermediate/soc_merge.csv
6852ec4805d141ea6aec943d95fc03e9ca158be9adda184cff0a84fb2f918784	596	2026-07-01	/p/BRAIN_DRAIN/Data/intermediate/state_fips.rds
3f74898c42a8142a830e93678f8c6e6f83f803e138cca9a2971376b423298644	1123619	2026-07-01	/p/BRAIN_DRAIN/Data/intermediate/state_stocks.csv
adfdfbc9ddaa0f3f2e4c9469470b7eba70205fece63a01bb77294f77ddcf2ba0	1271885	2026-07-01	/p/BRAIN_DRAIN/Data/intermediate/tie_stocks.csv
43d43a358ad09d7f6b378785f5b93c32e2276661043ece4b981405c38503037f	1319373	2026-07-01	/p/BRAIN_DRAIN/Data/intermediate/total_deg.csv
80774f8eb76711f242a48451c8ff006fab48d4043912cc7eea306866efbee817	269731	2026-07-01	/p/BRAIN_DRAIN/Data/intermediate/unmatched_cc.csv
d69384eb02dffdb9d65f0f4b683d1403a65c24fa075e00dc936e6cbf378d4a83	93899	2026-07-01	/p/BRAIN_DRAIN/Data/intermediate/unmatched_cc.rds
67b8660fad18749e954777225d5fa2533be7ce7bcfa7b0190a2209c3cd75b2b3	267148	2026-07-01	/p/BRAIN_DRAIN/Data/intermediate/unmatched_col.csv
99e5b124368a4c899d6674ecb1e468e9a0b1c9d57fc8f68a239e26a9ba3a576d	92672	2026-07-01	/p/BRAIN_DRAIN/Data/intermediate/unmatched_col.rds
240685e1c53ef74ceb46cbb9a38f19f8c892d5be343c873b8d21ae8a98f95952	345559	2026-07-01	/p/BRAIN_DRAIN/Data/intermediate/unmatched_hs.rds
a434135a5f6abebdce7e1c106c1373c1bc8009fcb962d8fe081ae61ac79e4fd2	69313728101	2026-07-01	/p/BRAIN_DRAIN/Data/intermediate/uwdbhdlkbnzhaqxd.csv
d4d786e78130fcf65084f486b3f4f9fcec9828eab2054daf8fd16dc05eb86db8	6297	2026-07-01	/p/BRAIN_DRAIN/Data/intermediate/w_share.csv
a78d7278a50892ea42fdece19c3fdcd531e1b281a29c38bdc4810a98d4cba33b	1288	2026-07-01	/p/BRAIN_DRAIN/Data/pooled/all_bin_shares_cbsa_10.csv
dacbaff57291656aa3b42db81df05bd46ccba9a501e8682f2968eee7de30e413	2941	2026-07-01	/p/BRAIN_DRAIN/Data/pooled/all_bin_shares_cbsa_25.csv
8d74f56a23225336597c1776d2e7bddfa535a4086bcabe9eb27669fdeeb94d05	725	2026-07-01	/p/BRAIN_DRAIN/Data/pooled/all_bin_shares_cbsa_5.csv
09a969f45ef5c0b02046d1b48faaa9fbeb423539ec910d5e179ac106c659a449	1229	2026-07-01	/p/BRAIN_DRAIN/Data/pooled/all_bin_shares_state_10.csv
7ee470b86b4fa90007c39d9a4fe6d7c1bd506e39855629965760527fef5bcb8b	2928	2026-07-01	/p/BRAIN_DRAIN/Data/pooled/all_bin_shares_state_25.csv
57bf8d081dc7bac4ba32ec94bd1127cd83ada0c7cb63bcab58ee5cc870547dd6	673	2026-07-01	/p/BRAIN_DRAIN/Data/pooled/all_bin_shares_state_5.csv
49d06796d8b236fe45b674d771f9723ea0e3ab9d3efad9d387a459a25f45af2e	488245	2026-07-01	/p/BRAIN_DRAIN/Data/pooled/bin_cbsa_10.csv
edcb51679ef473ded75ee34303daf9361f5b38512a0d78d20375066a124443f7	379255	2026-07-01	/p/BRAIN_DRAIN/Data/pooled/bin_cbsa_25.csv
778df90eae7ee1704461d27074b6d8103a7f4772053c9f6023e8394d1e743f5d	303665	2026-07-01	/p/BRAIN_DRAIN/Data/pooled/bin_cbsa_5.csv
0b7c5dae8d01cde27960b07b9130a6ba09774a3176299bb81f3f60e5c9d290bc	229388	2026-07-01	/p/BRAIN_DRAIN/Data/pooled/bin_state_10.csv
2189e23eb8338e64341e5900dcb924f2d11688de2488788f47d7b9fdd90261b7	317648	2026-07-01	/p/BRAIN_DRAIN/Data/pooled/bin_state_25.csv
75caf00ea77e19517f94a23128d620e8c9b15533ef38be0ffab3d7b882ae2d1a	166738	2026-07-01	/p/BRAIN_DRAIN/Data/pooled/bin_state_5.csv
dc11f59bddc67d227127307e0919c255111b5ba741f7c6ac4da5f8b09c41866d	21790	2026-07-01	/p/BRAIN_DRAIN/Data/pooled/coef_data_semi.csv
8f85bb9eef4e1efc04860b1696697a109f43a6adf1ab3165728ff94852551397	1865	2026-07-01	/p/BRAIN_DRAIN/Data/pooled/compliers.csv
d7eba9a29c2e6a74aeecc6df5b03a5d0c70d5dbb680a4efe519c5bcb87d15a12	19049	2026-07-01	/p/BRAIN_DRAIN/Data/pooled/dens_sam.csv
783b401201c4f5fe121c6ecde938b4f59d3b0e9d61f209c542c3a41160fc8a0a	2380899	2026-07-01	/p/BRAIN_DRAIN/Data/pooled/destination_cbsa.csv
d06874c28cb78f77cc39a4ec4ffa9b19d2fdc61cbce9f432dd50d28b52c23b54	983969	2026-07-01	/p/BRAIN_DRAIN/Data/pooled/destination_state.csv
09886b0763c1c7dff594a615967e02c71bafa39b0d3f313736802a958d6da919	3534	2026-07-01	/p/BRAIN_DRAIN/Data/pooled/directed_2000_2005.csv
350a961e40b00f28643c2ccd1ac5b99608bf8402a7eba932242b733446eabfba	3590	2026-07-01	/p/BRAIN_DRAIN/Data/pooled/directed_2001_2006.csv
58a6f4c48db80a7568d6136234b50e358c3b4cfcb5fb9d7a5f0876eed1fd60d0	3621	2026-07-01	/p/BRAIN_DRAIN/Data/pooled/directed_2002_2007.csv
fd219b704fefa2eae8671e126a27fc414e1ff8b033667329e6e526e83eaa602a	3634	2026-07-01	/p/BRAIN_DRAIN/Data/pooled/directed_2003_2008.csv
c810b8bb89e10d247f88adcc61abd6032ecf27896c1bbde9cb7b2f10be9d3246	3681	2026-07-01	/p/BRAIN_DRAIN/Data/pooled/directed_2004_2009.csv
3628e93350ce82ff63958b1eaea1fc547d9494db5e6510401d61c9f47508346d	3689	2026-07-01	/p/BRAIN_DRAIN/Data/pooled/directed_2005_2010.csv
07e5bae0f708b790ee9e03690fcdfc0e3a615fe1ec89bf6ea8bbe3010a419122	3704	2026-07-01	/p/BRAIN_DRAIN/Data/pooled/directed_2006_2011.csv
936ea524ae749cc6b7d7d45a26c70056489668aeebcc770a222ba73095ca93d8	3719	2026-07-01	/p/BRAIN_DRAIN/Data/pooled/directed_2007_2012.csv
fc33d7f9405d83b34e5f40dd799159f0e0afa22a7ae338d04f0d6166e5ffd794	3719	2026-07-01	/p/BRAIN_DRAIN/Data/pooled/directed_2008_2013.csv
1702827b33b012bdb11d34d3a28983be8988ec1b956b45db5f8e55ed64a40a0f	3735	2026-07-01	/p/BRAIN_DRAIN/Data/pooled/directed_2009_2014.csv
07bb219648dbc76315a711250786b06ae008b91528b1ff5c565d4bc1ed9d78dc	3726	2026-07-01	/p/BRAIN_DRAIN/Data/pooled/directed_2010_2015.csv
32dc0180474a3c27cc8f8e43c590a1cc5fb656f4dcd5069867bfabe05c5619f5	3753	2026-07-01	/p/BRAIN_DRAIN/Data/pooled/directed_2011_2016.csv
9cfb641959a6027d4c03962346179aa025f71838c4a479909ce4cf8d1717c7a6	3742	2026-07-01	/p/BRAIN_DRAIN/Data/pooled/directed_2012_2017.csv
7e128808a2fbcfe25260a87bfc58b6736771c35522a9b2b801815bec97a2948a	766	2026-07-01	/p/BRAIN_DRAIN/Data/pooled/fraction_cohort.csv
650884a52c7be08616ac5a106a51aa7eba87342143aceae78816b90a841cc760	14253	2026-07-01	/p/BRAIN_DRAIN/Data/pooled/group_semi_elasticities.csv
35320944e1584b86db64d2d1c04c09580c4cef312f289509c653494c510fdca5	5615	2026-07-01	/p/BRAIN_DRAIN/Data/pooled/hs_shock_year_cbsa.csv
b04a0f846e26dda707610997f281a5a976f77989f45c6c417cb3f4ade128456f	5619	2026-07-01	/p/BRAIN_DRAIN/Data/pooled/hs_shock_year_state.csv
d21f6ed2e69518f07e83ee9779db34ea470445d63a297b4d13c2bb6355b34d29	49249	2026-07-01	/p/BRAIN_DRAIN/Data/pooled/instate_li.csv
c4d194ad0ed32bf185cc5614a3265937987687480880337b5f955379127256ba	329	2026-07-01	/p/BRAIN_DRAIN/Data/pooled/inst_levels.csv
218172114d828787beebd3d6bfb200ff1d5fbcf2a77c3e5c0bb4f4245aa4660f	938	2026-07-01	/p/BRAIN_DRAIN/Data/pooled/leaver_levels_cbsa.csv
ae12514d56b12ed5a017121bb63b8262915be55da4fbfc282663ad505edbe41e	1169	2026-07-01	/p/BRAIN_DRAIN/Data/pooled/leaver_levels_state.csv
b6ad4d1f32a70a78404ad7c72e5e73df0df3a5784aebc0e7c2a1904e1df73900	485	2026-07-01	/p/BRAIN_DRAIN/Data/pooled/li_deg_awarded.csv
29d359815ffcd086baffa372139d032258ad5ce38d19b6febc09d1d47d8de422	191840	2026-07-01	/p/BRAIN_DRAIN/Data/pooled/li_inst.csv
b8a83e969a0427fb7d68774b30aab4a0d7f5de6e4e0bc9c64f14bed4e153e5f4	27018	2026-07-01	/p/BRAIN_DRAIN/Data/pooled/local_differences.csv
7d2e18d04c4402618a92108af27ef1548814f30149e993f02cdd6b10aa4f49ca	1947563	2026-07-01	/p/BRAIN_DRAIN/Data/pooled/local_stocks.csv
1d17cae21bd557c9c9efdcb83b4baef84abb6e12918e3229a4632eca94d33610	51189	2026-07-01	/p/BRAIN_DRAIN/Data/pooled/local_ties_cbsa.csv
b62092fe05df9d0617d2a0a0400f08458390c5e385d1b3fa1fbc828e5066e788	6527	2026-07-01	/p/BRAIN_DRAIN/Data/pooled/local_ties_state.csv
e15803436e658d61a8963856d782d0376d7d72073b5df7905c741ce8a7d0727f	80344	2026-07-01	/p/BRAIN_DRAIN/Data/pooled/net_cbsa.csv
ebb3d03cd5e55ad62e64a4c0fea27d93764b902041672ad7ef6997a4013480e3	10327	2026-07-01	/p/BRAIN_DRAIN/Data/pooled/net_state.csv
b5622311e1eba9ca80b2fd5c96c06579e691c677cfc1d7c3524f51c9e829bde4	1422	2026-07-01	/p/BRAIN_DRAIN/Data/pooled/occp_inst_group.csv
0aca5024435d8b8704c3f201ff8163ee0e19746035513b8155279ee32af00806	231	2026-07-01	/p/BRAIN_DRAIN/Data/pooled/outsample_values.rds
0d36c009c77b606c08e6d2ac61cb1664e05830bc28c17cd3d6023606000bf15f	26	2026-07-01	/p/BRAIN_DRAIN/Data/pooled/quantiles_sam.csv
3c8619c4c82780637b5b837ce32e3b0233e71e86db35368891600281224f26cf	240	2026-07-01	/p/BRAIN_DRAIN/Data/pooled/restrict_values.rds
1302997e30d07682181d003d301b36d78379258cab80204927cba557df547ab7	359345	2026-07-01	/p/BRAIN_DRAIN/Data/pooled/returners_cbsa_10.csv
4a4d125599a3ae7814cfc460deb98112de8889f5b363981fb5c548c801058d21	126723	2026-07-01	/p/BRAIN_DRAIN/Data/pooled/returners_cbsa_25.csv
03fd1dd6284a1412087d58e556deb841b8a4d5abc66b932efce6a1bcf926fc5c	198031	2026-07-01	/p/BRAIN_DRAIN/Data/pooled/returners_cbsa_5.csv
de3fa76a21a705788c5ac6377d9f080e147e199546aa66f188fbffd2c195c63e	96604	2026-07-01	/p/BRAIN_DRAIN/Data/pooled/returners_state_10.csv
22a4b59455b8cb76068443ec88b2dd328b841ab9fe1a223d85619b32a85b90fa	130175	2026-07-01	/p/BRAIN_DRAIN/Data/pooled/returners_state_25.csv
127ff430d28b9036aaf2a59559f9b09bcfd8346932ddefba50d05ad238cae05e	71947	2026-07-01	/p/BRAIN_DRAIN/Data/pooled/returners_state_5.csv
0c7b4920d70cc4c1b16d78885ac710a84165b2295be3f008e486cb3567a03192	919	2026-07-01	/p/BRAIN_DRAIN/Data/pooled/return_levels_cbsa.csv
668355a3eee47d26cfe8e76ff5ce63f75faa237736ff9ffaf9ea615b5b4eff6b	921	2026-07-01	/p/BRAIN_DRAIN/Data/pooled/return_levels_state.csv
6a7db1dbd9f062c33de3be89e3fbd79ceff38ed7239f7d5140dd2aa64f1309f4	232	2026-07-01	/p/BRAIN_DRAIN/Data/pooled/sample_values.rds
19917168634c253238a6366f9616128aa50f0dc5ed6f11074eadd541f8cd6bab	1124648	2026-07-01	/p/BRAIN_DRAIN/Data/pooled/state_stocks.csv
e2dc6afb2507a95985841dddd490a7bc20aa62c3a62a729216fafe6dddb89fd9	520697	2026-07-01	/p/BRAIN_DRAIN/Data/pooled/tie_stocks.csv
aed18d10c921428cf790c93983a649d27ca78f3bc68d7bfc7a8c396aca1c4767	1233	2026-07-01	/p/BRAIN_DRAIN/Data/post_2000/all_bin_shares_cbsa_10.csv
dacbaff57291656aa3b42db81df05bd46ccba9a501e8682f2968eee7de30e413	2941	2026-07-01	/p/BRAIN_DRAIN/Data/post_2000/all_bin_shares_cbsa_25.csv
ede48ba437fd7c5a79b4a0b3e50ab1d214f486f4f245149c91297aece08ee6af	672	2026-07-01	/p/BRAIN_DRAIN/Data/post_2000/all_bin_shares_cbsa_5.csv
09a969f45ef5c0b02046d1b48faaa9fbeb423539ec910d5e179ac106c659a449	1229	2026-07-01	/p/BRAIN_DRAIN/Data/post_2000/all_bin_shares_state_10.csv
7ee470b86b4fa90007c39d9a4fe6d7c1bd506e39855629965760527fef5bcb8b	2928	2026-07-01	/p/BRAIN_DRAIN/Data/post_2000/all_bin_shares_state_25.csv
57bf8d081dc7bac4ba32ec94bd1127cd83ada0c7cb63bcab58ee5cc870547dd6	673	2026-07-01	/p/BRAIN_DRAIN/Data/post_2000/all_bin_shares_state_5.csv
508975b6914d6f594bda6bdebcba31b625049de44dc8befcabd37e4bb989be35	28403166	2026-07-01	/p/BRAIN_DRAIN/Data/post_2000/all_deg.csv
dd2be8bfa7dcc2583a506b3a88fa6c4686eb88117b454b0388693e55d76f1433	351915	2026-07-01	/p/BRAIN_DRAIN/Data/post_2000/bin_cbsa_10.csv
edcb51679ef473ded75ee34303daf9361f5b38512a0d78d20375066a124443f7	379255	2026-07-01	/p/BRAIN_DRAIN/Data/post_2000/bin_cbsa_25.csv
b3fc344801bcf2feacbc81b357a8ebafceac44704e7e3dbd6b6d0de213dafcb6	249501	2026-07-01	/p/BRAIN_DRAIN/Data/post_2000/bin_cbsa_5.csv
0b7c5dae8d01cde27960b07b9130a6ba09774a3176299bb81f3f60e5c9d290bc	229388	2026-07-01	/p/BRAIN_DRAIN/Data/post_2000/bin_state_10.csv
2189e23eb8338e64341e5900dcb924f2d11688de2488788f47d7b9fdd90261b7	317648	2026-07-01	/p/BRAIN_DRAIN/Data/post_2000/bin_state_25.csv
75caf00ea77e19517f94a23128d620e8c9b15533ef38be0ffab3d7b882ae2d1a	166738	2026-07-01	/p/BRAIN_DRAIN/Data/post_2000/bin_state_5.csv
9a791226b7b71073572c0024b58c8ab79355d6f7fd0e2ebd09b31c97e1e6a587	879078	2026-07-01	/p/BRAIN_DRAIN/Data/post_2000/business_deg.csv
47165f35acfb475a217c85d7ccac1b859d3c5daa5b24e5f48fda2b9455a9b7cc	21300	2026-07-01	/p/BRAIN_DRAIN/Data/post_2000/coef_data_semi.csv
4d959813ef2109d605830aaaaebd74b42bd5ee52cca784dbf1506f64cb3047a8	1861	2026-07-01	/p/BRAIN_DRAIN/Data/post_2000/compliers.csv
dc4bb9d527453074302a0ba4793db8ad03db5934ecf9007a0b5281e56cdefb25	19167	2026-07-01	/p/BRAIN_DRAIN/Data/post_2000/dens_sam.csv
783b401201c4f5fe121c6ecde938b4f59d3b0e9d61f209c542c3a41160fc8a0a	2380899	2026-07-01	/p/BRAIN_DRAIN/Data/post_2000/destination_cbsa.csv
d06874c28cb78f77cc39a4ec4ffa9b19d2fdc61cbce9f432dd50d28b52c23b54	983969	2026-07-01	/p/BRAIN_DRAIN/Data/post_2000/destination_state.csv
09886b0763c1c7dff594a615967e02c71bafa39b0d3f313736802a958d6da919	3534	2026-07-01	/p/BRAIN_DRAIN/Data/post_2000/directed_2000_2005.csv
350a961e40b00f28643c2ccd1ac5b99608bf8402a7eba932242b733446eabfba	3590	2026-07-01	/p/BRAIN_DRAIN/Data/post_2000/directed_2001_2006.csv
58a6f4c48db80a7568d6136234b50e358c3b4cfcb5fb9d7a5f0876eed1fd60d0	3621	2026-07-01	/p/BRAIN_DRAIN/Data/post_2000/directed_2002_2007.csv
fd219b704fefa2eae8671e126a27fc414e1ff8b033667329e6e526e83eaa602a	3634	2026-07-01	/p/BRAIN_DRAIN/Data/post_2000/directed_2003_2008.csv
c810b8bb89e10d247f88adcc61abd6032ecf27896c1bbde9cb7b2f10be9d3246	3681	2026-07-01	/p/BRAIN_DRAIN/Data/post_2000/directed_2004_2009.csv
3628e93350ce82ff63958b1eaea1fc547d9494db5e6510401d61c9f47508346d	3689	2026-07-01	/p/BRAIN_DRAIN/Data/post_2000/directed_2005_2010.csv
07e5bae0f708b790ee9e03690fcdfc0e3a615fe1ec89bf6ea8bbe3010a419122	3704	2026-07-01	/p/BRAIN_DRAIN/Data/post_2000/directed_2006_2011.csv
936ea524ae749cc6b7d7d45a26c70056489668aeebcc770a222ba73095ca93d8	3719	2026-07-01	/p/BRAIN_DRAIN/Data/post_2000/directed_2007_2012.csv
fc33d7f9405d83b34e5f40dd799159f0e0afa22a7ae338d04f0d6166e5ffd794	3719	2026-07-01	/p/BRAIN_DRAIN/Data/post_2000/directed_2008_2013.csv
1702827b33b012bdb11d34d3a28983be8988ec1b956b45db5f8e55ed64a40a0f	3735	2026-07-01	/p/BRAIN_DRAIN/Data/post_2000/directed_2009_2014.csv
07bb219648dbc76315a711250786b06ae008b91528b1ff5c565d4bc1ed9d78dc	3726	2026-07-01	/p/BRAIN_DRAIN/Data/post_2000/directed_2010_2015.csv
32dc0180474a3c27cc8f8e43c590a1cc5fb656f4dcd5069867bfabe05c5619f5	3753	2026-07-01	/p/BRAIN_DRAIN/Data/post_2000/directed_2011_2016.csv
9cfb641959a6027d4c03962346179aa025f71838c4a479909ce4cf8d1717c7a6	3742	2026-07-01	/p/BRAIN_DRAIN/Data/post_2000/directed_2012_2017.csv
9a791226b7b71073572c0024b58c8ab79355d6f7fd0e2ebd09b31c97e1e6a587	879078	2026-07-01	/p/BRAIN_DRAIN/Data/post_2000/engineering_deg.csv
7e128808a2fbcfe25260a87bfc58b6736771c35522a9b2b801815bec97a2948a	766	2026-07-01	/p/BRAIN_DRAIN/Data/post_2000/fraction_cohort.csv
71c4245402d6c695f766c0cd6617d06233ce725d530196178e692e52ed389d6d	14204	2026-07-01	/p/BRAIN_DRAIN/Data/post_2000/group_semi_elasticities.csv
207ee9e8ca212f0b1b43c48cfcc95281470f0da68170ae3082268c7a2e3980b3	2510	2026-07-01	/p/BRAIN_DRAIN/Data/post_2000/hs_shock_year_cbsa.csv
36c6ac72cda74471e0b967708cd1eb97989448cb1beff9341a3376d6171431fd	2512	2026-07-01	/p/BRAIN_DRAIN/Data/post_2000/hs_shock_year_state.csv
d21f6ed2e69518f07e83ee9779db34ea470445d63a297b4d13c2bb6355b34d29	49249	2026-07-01	/p/BRAIN_DRAIN/Data/post_2000/instate_li.csv
c4d194ad0ed32bf185cc5614a3265937987687480880337b5f955379127256ba	329	2026-07-01	/p/BRAIN_DRAIN/Data/post_2000/inst_levels.csv
5beb37dea6f360cfd85e26a372b2ba1bbb0fd7bddf0e3e77567196454f146703	936	2026-07-01	/p/BRAIN_DRAIN/Data/post_2000/leaver_levels_cbsa.csv
e4a273611b5f3e09dcb6020122837b922efd66a134720d567794a8c22c829306	1166	2026-07-01	/p/BRAIN_DRAIN/Data/post_2000/leaver_levels_state.csv
b6ad4d1f32a70a78404ad7c72e5e73df0df3a5784aebc0e7c2a1904e1df73900	485	2026-07-01	/p/BRAIN_DRAIN/Data/post_2000/li_deg_awarded.csv
29d359815ffcd086baffa372139d032258ad5ce38d19b6febc09d1d47d8de422	191840	2026-07-01	/p/BRAIN_DRAIN/Data/post_2000/li_inst.csv
aeb6673f2d8b83a87b590c7148c506029c14e9d645d1b82424f7564307e4a424	27004	2026-07-01	/p/BRAIN_DRAIN/Data/post_2000/local_differences.csv
7d2e18d04c4402618a92108af27ef1548814f30149e993f02cdd6b10aa4f49ca	1947563	2026-07-01	/p/BRAIN_DRAIN/Data/post_2000/local_stocks.csv
1d17cae21bd557c9c9efdcb83b4baef84abb6e12918e3229a4632eca94d33610	51189	2026-07-01	/p/BRAIN_DRAIN/Data/post_2000/local_ties_cbsa.csv
b62092fe05df9d0617d2a0a0400f08458390c5e385d1b3fa1fbc828e5066e788	6527	2026-07-01	/p/BRAIN_DRAIN/Data/post_2000/local_ties_state.csv
e15803436e658d61a8963856d782d0376d7d72073b5df7905c741ce8a7d0727f	80344	2026-07-01	/p/BRAIN_DRAIN/Data/post_2000/net_cbsa.csv
ebb3d03cd5e55ad62e64a4c0fea27d93764b902041672ad7ef6997a4013480e3	10327	2026-07-01	/p/BRAIN_DRAIN/Data/post_2000/net_state.csv
7d410f56ca6c8f922e8995ccd4b61777562f54501d70ed302c0fa41dbb69fc9b	1077	2026-07-01	/p/BRAIN_DRAIN/Data/post_2000/occp_inst_group.csv
6be6b4efb36fda3f3585b0eca502200d92d060e024e19a3e85a7150dbd1311e7	231	2026-07-01	/p/BRAIN_DRAIN/Data/post_2000/outsample_values.rds
b72fa92d0b52281f57cae6559a83131469da94f3dad47df94d50d8473981f5aa	26	2026-07-01	/p/BRAIN_DRAIN/Data/post_2000/quantiles_sam.csv
ed4ff29cf4dc98593b7adee88279c62622ffa8b661c8f53e34f27346e2224d96	240	2026-07-01	/p/BRAIN_DRAIN/Data/post_2000/restrict_values.rds
d4bb9494c2ee048ea867727c8e112669d45d0061e701b8992be6b5031bd5bc66	346683	2026-07-01	/p/BRAIN_DRAIN/Data/post_2000/returners_cbsa_10.csv
4a4d125599a3ae7814cfc460deb98112de8889f5b363981fb5c548c801058d21	126723	2026-07-01	/p/BRAIN_DRAIN/Data/post_2000/returners_cbsa_25.csv
27a0eaa87b4759c220bffa6652dce9336fed19269b04543a0984f9c70dd03142	192978	2026-07-01	/p/BRAIN_DRAIN/Data/post_2000/returners_cbsa_5.csv
de3fa76a21a705788c5ac6377d9f080e147e199546aa66f188fbffd2c195c63e	96604	2026-07-01	/p/BRAIN_DRAIN/Data/post_2000/returners_state_10.csv
22a4b59455b8cb76068443ec88b2dd328b841ab9fe1a223d85619b32a85b90fa	130175	2026-07-01	/p/BRAIN_DRAIN/Data/post_2000/returners_state_25.csv
127ff430d28b9036aaf2a59559f9b09bcfd8346932ddefba50d05ad238cae05e	71947	2026-07-01	/p/BRAIN_DRAIN/Data/post_2000/returners_state_5.csv
ea56a42f736a5e8559fbb35536379f4acc16436ba91bfecf8de3c5c9a77f343c	911	2026-07-01	/p/BRAIN_DRAIN/Data/post_2000/return_levels_cbsa.csv
d9dea911b5b3fa50897d50ace7ddca56b5e4ca2415c436ee5044964d385cde40	912	2026-07-01	/p/BRAIN_DRAIN/Data/post_2000/return_levels_state.csv
6a7db1dbd9f062c33de3be89e3fbd79ceff38ed7239f7d5140dd2aa64f1309f4	232	2026-07-01	/p/BRAIN_DRAIN/Data/post_2000/sample_values.rds
19917168634c253238a6366f9616128aa50f0dc5ed6f11074eadd541f8cd6bab	1124648	2026-07-01	/p/BRAIN_DRAIN/Data/post_2000/state_stocks.csv
849afcc78687eaa3f165c7ad1b27979aeb18ff30606b99a2de7b3d99ba2db236	301268	2026-07-01	/p/BRAIN_DRAIN/Data/post_2000/tie_stocks.csv
00e251164dff3e9fba329e11963339a8032d9f3078c204a3b5ea31c89ec2a4ef	241449	2026-07-01	/p/BRAIN_DRAIN/Data/post_2000/tie_stocks_alt.csv
43d43a358ad09d7f6b378785f5b93c32e2276661043ece4b981405c38503037f	1319373	2026-07-01	/p/BRAIN_DRAIN/Data/post_2000/total_deg.csv
51e519c0e59486f8545c7c07d82263f4763e4805f6e5a963068765e162978460	1293	2026-07-01	/p/BRAIN_DRAIN/Data/pre_2000/all_bin_shares_cbsa_10.csv
00302ca9ed314b6730e6acb86d03239d204e1971ff2207882de19ffe69edca25	732	2026-07-01	/p/BRAIN_DRAIN/Data/pre_2000/all_bin_shares_cbsa_5.csv
cde8621cef13391e5c011ec704ba61bab3a3bcd5a4ace2649af7556fbbbdbef2	355048	2026-07-01	/p/BRAIN_DRAIN/Data/pre_2000/bin_cbsa_10.csv
0043111d173124825724fc53b64cf24507ba98ff9875a06f68756b637fb47d2b	249331	2026-07-01	/p/BRAIN_DRAIN/Data/pre_2000/bin_cbsa_5.csv
2519a6f6df38d135ac7f246cc7493251b2d224bbdab951bddc3a725d8d48761f	22123	2026-07-01	/p/BRAIN_DRAIN/Data/pre_2000/coef_data_semi.csv
dd8b77e393a199f505324cd52adbf5589388eb17ee55bb199753895ee94467e3	1861	2026-07-01	/p/BRAIN_DRAIN/Data/pre_2000/compliers.csv
f84dcf6e60b86a1ebbab0538ab06e61464066d1a39bd191a93387a7b43bcbf99	19153	2026-07-01	/p/BRAIN_DRAIN/Data/pre_2000/dens_sam.csv
783b401201c4f5fe121c6ecde938b4f59d3b0e9d61f209c542c3a41160fc8a0a	2380899	2026-07-01	/p/BRAIN_DRAIN/Data/pre_2000/destination_cbsa.csv
d06874c28cb78f77cc39a4ec4ffa9b19d2fdc61cbce9f432dd50d28b52c23b54	983969	2026-07-01	/p/BRAIN_DRAIN/Data/pre_2000/destination_state.csv
09886b0763c1c7dff594a615967e02c71bafa39b0d3f313736802a958d6da919	3534	2026-07-01	/p/BRAIN_DRAIN/Data/pre_2000/directed_2000_2005.csv
350a961e40b00f28643c2ccd1ac5b99608bf8402a7eba932242b733446eabfba	3590	2026-07-01	/p/BRAIN_DRAIN/Data/pre_2000/directed_2001_2006.csv
58a6f4c48db80a7568d6136234b50e358c3b4cfcb5fb9d7a5f0876eed1fd60d0	3621	2026-07-01	/p/BRAIN_DRAIN/Data/pre_2000/directed_2002_2007.csv
fd219b704fefa2eae8671e126a27fc414e1ff8b033667329e6e526e83eaa602a	3634	2026-07-01	/p/BRAIN_DRAIN/Data/pre_2000/directed_2003_2008.csv
c810b8bb89e10d247f88adcc61abd6032ecf27896c1bbde9cb7b2f10be9d3246	3681	2026-07-01	/p/BRAIN_DRAIN/Data/pre_2000/directed_2004_2009.csv
3628e93350ce82ff63958b1eaea1fc547d9494db5e6510401d61c9f47508346d	3689	2026-07-01	/p/BRAIN_DRAIN/Data/pre_2000/directed_2005_2010.csv
07e5bae0f708b790ee9e03690fcdfc0e3a615fe1ec89bf6ea8bbe3010a419122	3704	2026-07-01	/p/BRAIN_DRAIN/Data/pre_2000/directed_2006_2011.csv
936ea524ae749cc6b7d7d45a26c70056489668aeebcc770a222ba73095ca93d8	3719	2026-07-01	/p/BRAIN_DRAIN/Data/pre_2000/directed_2007_2012.csv
fc33d7f9405d83b34e5f40dd799159f0e0afa22a7ae338d04f0d6166e5ffd794	3719	2026-07-01	/p/BRAIN_DRAIN/Data/pre_2000/directed_2008_2013.csv
1702827b33b012bdb11d34d3a28983be8988ec1b956b45db5f8e55ed64a40a0f	3735	2026-07-01	/p/BRAIN_DRAIN/Data/pre_2000/directed_2009_2014.csv
07bb219648dbc76315a711250786b06ae008b91528b1ff5c565d4bc1ed9d78dc	3726	2026-07-01	/p/BRAIN_DRAIN/Data/pre_2000/directed_2010_2015.csv
32dc0180474a3c27cc8f8e43c590a1cc5fb656f4dcd5069867bfabe05c5619f5	3753	2026-07-01	/p/BRAIN_DRAIN/Data/pre_2000/directed_2011_2016.csv
9cfb641959a6027d4c03962346179aa025f71838c4a479909ce4cf8d1717c7a6	3742	2026-07-01	/p/BRAIN_DRAIN/Data/pre_2000/directed_2012_2017.csv
7e128808a2fbcfe25260a87bfc58b6736771c35522a9b2b801815bec97a2948a	766	2026-07-01	/p/BRAIN_DRAIN/Data/pre_2000/fraction_cohort.csv
c2895cf4ce84ee8128c8c187b5c719c9329cbfad76c1c7288961f4ffd8babf5e	14342	2026-07-01	/p/BRAIN_DRAIN/Data/pre_2000/group_semi_elasticities.csv
083c3a01e035fe11dc7ff507b347b748d43097fef60948825e074377ffb962cb	3164	2026-07-01	/p/BRAIN_DRAIN/Data/pre_2000/hs_shock_year_cbsa.csv
92445fe0e6c1f7187a3d202c0bdca31986e96a21e92d2ec64394364d11221635	3166	2026-07-01	/p/BRAIN_DRAIN/Data/pre_2000/hs_shock_year_state.csv
d21f6ed2e69518f07e83ee9779db34ea470445d63a297b4d13c2bb6355b34d29	49249	2026-07-01	/p/BRAIN_DRAIN/Data/pre_2000/instate_li.csv
c4d194ad0ed32bf185cc5614a3265937987687480880337b5f955379127256ba	329	2026-07-01	/p/BRAIN_DRAIN/Data/pre_2000/inst_levels.csv
120ff80eb8529cf76ab8039f8ebb6022762202e97c3a6b532015525d8e18a01f	928	2026-07-01	/p/BRAIN_DRAIN/Data/pre_2000/leaver_levels_cbsa.csv
ebcdad606e04c2ccc3a6eda6f5ce86297ce59a8f0327ccd8fa5bb9474d945d5b	1152	2026-07-01	/p/BRAIN_DRAIN/Data/pre_2000/leaver_levels_state.csv
b6ad4d1f32a70a78404ad7c72e5e73df0df3a5784aebc0e7c2a1904e1df73900	485	2026-07-01	/p/BRAIN_DRAIN/Data/pre_2000/li_deg_awarded.csv
29d359815ffcd086baffa372139d032258ad5ce38d19b6febc09d1d47d8de422	191840	2026-07-01	/p/BRAIN_DRAIN/Data/pre_2000/li_inst.csv
0e6768ba44875b2b137acb747fc9e5167a27459a177e877c21c8133b55954fa3	27011	2026-07-01	/p/BRAIN_DRAIN/Data/pre_2000/local_differences.csv
7d2e18d04c4402618a92108af27ef1548814f30149e993f02cdd6b10aa4f49ca	1947563	2026-07-01	/p/BRAIN_DRAIN/Data/pre_2000/local_stocks.csv
1d17cae21bd557c9c9efdcb83b4baef84abb6e12918e3229a4632eca94d33610	51189	2026-07-01	/p/BRAIN_DRAIN/Data/pre_2000/local_ties_cbsa.csv
b62092fe05df9d0617d2a0a0400f08458390c5e385d1b3fa1fbc828e5066e788	6527	2026-07-01	/p/BRAIN_DRAIN/Data/pre_2000/local_ties_state.csv
e15803436e658d61a8963856d782d0376d7d72073b5df7905c741ce8a7d0727f	80344	2026-07-01	/p/BRAIN_DRAIN/Data/pre_2000/net_cbsa.csv
ebb3d03cd5e55ad62e64a4c0fea27d93764b902041672ad7ef6997a4013480e3	10327	2026-07-01	/p/BRAIN_DRAIN/Data/pre_2000/net_state.csv
43890ff7571760c1384fd29ccd0b1d2a292a86bebb8666bf198cdf08a21f58ea	391	2026-07-01	/p/BRAIN_DRAIN/Data/pre_2000/occp_inst_group.csv
b709fdd492f9dbaae3b86f0c6eab14a77162eaf13c8283a69730d426859bec18	231	2026-07-01	/p/BRAIN_DRAIN/Data/pre_2000/outsample_values.rds
5e99b752dcf52db69077bcc702ed890e1df7b5d0742370c0489d9fd43ceeb452	26	2026-07-01	/p/BRAIN_DRAIN/Data/pre_2000/quantiles_sam.csv
4a9b161f067875949fc7379036f0528ebd0a46f1f033e2346a192b6866dc7ee3	239	2026-07-01	/p/BRAIN_DRAIN/Data/pre_2000/restrict_values.rds
2695867267c0c6ea13307901ed50fead5abf750bdd46cbf87ad4909562448c22	221203	2026-07-01	/p/BRAIN_DRAIN/Data/pre_2000/returners_cbsa_10.csv
8d86e648b78c1050ec6973d2cf9de2de1ab2fb7861a482cec6861f8c3e3d0f3e	137702	2026-07-01	/p/BRAIN_DRAIN/Data/pre_2000/returners_cbsa_5.csv
e06e939dcea6a96ca5d39798bae174e577425964d79bc097ccc9651030a81882	907	2026-07-01	/p/BRAIN_DRAIN/Data/pre_2000/return_levels_cbsa.csv
94b6c1b653fbe11840f3181031c9183dc7e9d8ea15b7121bac0e00aeb1d5ecef	908	2026-07-01	/p/BRAIN_DRAIN/Data/pre_2000/return_levels_state.csv
6a7db1dbd9f062c33de3be89e3fbd79ceff38ed7239f7d5140dd2aa64f1309f4	232	2026-07-01	/p/BRAIN_DRAIN/Data/pre_2000/sample_values.rds
19917168634c253238a6366f9616128aa50f0dc5ed6f11074eadd541f8cd6bab	1124648	2026-07-01	/p/BRAIN_DRAIN/Data/pre_2000/state_stocks.csv
c2a7ddc33bc7c54af467eb024c5d005e53327dabc593c0219f1b6685724fc7be	505293	2026-07-01	/p/BRAIN_DRAIN/Data/pre_2000/tie_stocks.csv
4c072fd7973c570dff732ae8073a8f93aaffe50a6ea34acf5591a686006d473c	953165	2026-07-01	/p/BRAIN_DRAIN/Data/raw/bls/bls_laus_data.csv
627322599e1f11f4ce094d967d50d185349d26cd232d2e3ae619cebdb08e169d	407963	2026-07-01	/p/BRAIN_DRAIN/Data/raw/bls/occupation.xlsx
f18dbec411447145d932a03c46a63d4bebedbe65c2b239945ff09e0e9faba7c4	270539	2026-07-01	/p/BRAIN_DRAIN/Data/raw/bls/OccupationalPrestigeRatings.csv
f3a847561562d3e5a30eb848f2902a5f7b02e9c48b3d7f2cc8879899fbc242a7	46630	2026-07-01	/p/BRAIN_DRAIN/Data/raw/bls/soc_2010_to_2018_crosswalk.xlsx
23c78a3ee820ab20c7378e8c7a179e8903a5c54e2f61dcab74e8c2e76ee05d90	116865881	2026-07-01	/p/BRAIN_DRAIN/Data/raw/cbp/cbp19co.txt
9cafd2b0b3c5d8ae45ed5fee04b12b2a283082b56be888c61a4451d46f52a3be	104653260	2026-07-01	/p/BRAIN_DRAIN/Data/raw/cbp/cbp20co.txt
f3d847823914759149005c319281973053a04984ec7ade1bf51ffe4ea2c10355	105433378	2026-07-01	/p/BRAIN_DRAIN/Data/raw/cbp/cbp21co.txt
c8099806875413bf520a7dbc9cd7a3d2c008015599463c05ae675a026d480424	106543178	2026-07-01	/p/BRAIN_DRAIN/Data/raw/cbp/cbp22co.txt
84c63d2c665a0477f415e6146cab2692987c73af44aea9296aaf260736263b1c	1313661755	2026-07-01	/p/BRAIN_DRAIN/Data/raw/cbp/efsy_panel_naics.csv
98b0937c5dc4a4c0c68552ddd052e1e34c3459a65157c02e2b5d79a8e2014c9f	24856	2026-07-01	/p/BRAIN_DRAIN/Data/raw/census_acs/ACSDT1Y2022.B15001-2024-02-23T180106.xlsx
33e76c5bf24dcc203975fc58b13dee97564d790e5448e67921b086129a1e724b	76441	2026-07-01	/p/BRAIN_DRAIN/Data/raw/census_acs/State_of_Residence_By_Place_of_Birth_Table_2022_T13.xlsx
72d94ebf750a58bf36bbb57149f0e36ab72a04e8c7d0a66ddc00a9c80152b638	90751	2026-07-01	/p/BRAIN_DRAIN/Data/raw/census_geo/CBSACrosswalk.csv
738df32b83ea627b5417768bf2c28917863c5eb826ec81270b273c9f48432b67	245365	2026-07-01	/p/BRAIN_DRAIN/Data/raw/census_geo/cbsa_2020.csv
5423396d375108d784f35edb1e0881a54b058055a83462cb132f9db9a83d9dc6	23996269	2026-07-01	/p/BRAIN_DRAIN/Data/raw/census_geo/counties.xlsx
c8044b473a2b457355f0f61dd805f0203d3ad5922a307dc8a54a40c897f7db88	9416	2026-07-01	/p/BRAIN_DRAIN/Data/raw/census_geo/ct_counties.xlsx
2acc42bc79c43641499ace3526786d635fdb3ad89a84444e58f90cfcd513d3ec	170767	2026-07-01	/p/BRAIN_DRAIN/Data/raw/census_geo/msa_2020.csv
aec785509809ca132f7b20824e5306199606bdb3603b4a77d36b712c2da12df5	82265	2026-07-01	/p/BRAIN_DRAIN/Data/raw/census_geo/msa_2020.xlsx
b19af3eaba3e688c44cc172d9946a213a0bdea3d0395b889165ad46f10de50cd	73507	2026-07-01	/p/BRAIN_DRAIN/Data/raw/census_geo/unified_cbsa.csv
d3e14a72c714e8b86ee4b81c469f4e447ce1d28de1773f0cae148afbacfbac22	891692	2026-07-01	/p/BRAIN_DRAIN/Data/raw/census_geo/zipcodes.csv
b46fa990500938b1ae106fe9cead356988bcfaaf952f90ddb2acb38385601137	941152	2026-07-01	/p/BRAIN_DRAIN/Data/raw/chetty_oi/chetty_college.xlsx
b0abefc3e71ed5419f293a4ddc190452d09172ef1174d6980cb0eaa661e8c7e4	2157147	2026-07-01	/p/BRAIN_DRAIN/Data/raw/chetty_oi/chetty_college_inc_dist.xlsx
12fd059a895167a50982f882cfd268ad07b5c12d15752d94069bcc38efb2a14d	1842351	2026-07-01	/p/BRAIN_DRAIN/Data/raw/chetty_oi/col_users
e6a4ecefb821b8252b533a8f0ef4457be335002262010157c669ad6348c79f0b	433012	2026-07-01	/p/BRAIN_DRAIN/Data/raw/chetty_oi/mrc_table11.csv
2a571dac335e7b5095c3eec612fbe2490d6d8fc84ef9e1764f06f036fe9579d5	1911371	2026-07-01	/p/BRAIN_DRAIN/Data/raw/chetty_oi/mrc_table2.xlsx
1db29dd61ad732a1e9f7d02e8fe4cae10d150150664c04868e7c5725a21f4e2e	65965912	2026-07-01	/p/BRAIN_DRAIN/Data/raw/ipeds/colleges_ipeds_completions-2digcip_2000.csv
df198150ab221d2d8125a23dca44832bd8c1e0377c277a9ddadef3dfce99ed63	127106321	2026-07-01	/p/BRAIN_DRAIN/Data/raw/ipeds/colleges_ipeds_completions-2digcip_2010.csv
b1d920c43c3ee2a139872910ea3a1e1cede9c3e55da26badc5b440eb2048e70e	132219568	2026-07-01	/p/BRAIN_DRAIN/Data/raw/ipeds/colleges_ipeds_completions-2digcip_2020.csv
e82ab07519bd5cc2c18348146640fa3356571e3d47c270add196b948c79e7494	114956178	2026-07-01	/p/BRAIN_DRAIN/Data/raw/ipeds/colleges_ipeds_directory.csv
431f094adbafb202c8e27f4f91af71b5d74dc085b740d242afa0c11765c659eb	69505558	2026-07-01	/p/BRAIN_DRAIN/Data/raw/ipeds/colleges_ipeds_fall-res.csv
78240b5189f9f2fd51ec76102dc19996e964b4275e9a290cb8f2858b8888a8bb	469490722	2026-07-01	/p/BRAIN_DRAIN/Data/raw/ipeds/colleges_ipeds_grad-rates.csv
e77e9c294a771ac74d45b902c19cc1b78de2ea2c0c604aa47b742bc6b3f779ea	2517621	2026-07-01	/p/BRAIN_DRAIN/Data/raw/ipeds/CW2000.xlsx
d7c3a1fd8c3ae15bad291ef9f4142c073eb20f1d0b82617c1d8ccce54f80297f	2498218	2026-07-01	/p/BRAIN_DRAIN/Data/raw/ipeds/CW2001.xlsx
71299279ba35d1922f06bb2535e183674d7df05e4a73f007a4b1e1993f5df028	2311443	2026-07-01	/p/BRAIN_DRAIN/Data/raw/ipeds/CW2002.xlsx
9fef61175c827a5295e7434f7c0e2979af10ccb9bcb01ecb856c275dc1e8d57c	2254474	2026-07-01	/p/BRAIN_DRAIN/Data/raw/ipeds/CW2003.xlsx
a86aa19b9a3fdc34bdba0bb1da308666ff1f230fb8b57154304f03266e7fdbf9	2231943	2026-07-01	/p/BRAIN_DRAIN/Data/raw/ipeds/CW2004.xlsx
568efd950f4ccada843c4f7c87d1d5b732fb82b7ab6ea3f7952b6abc52cc3625	2162895	2026-07-01	/p/BRAIN_DRAIN/Data/raw/ipeds/CW2005.xlsx
61355402e84f96d59d1149d6ef824663ccd21b512d123113923fdb2325e82db5	2233281	2026-07-01	/p/BRAIN_DRAIN/Data/raw/ipeds/CW2006.xlsx
103947f88848b1af7422550cab75f2e9774bcac0aea635af184d07696ad13c7c	2334699	2026-07-01	/p/BRAIN_DRAIN/Data/raw/ipeds/CW2007.xlsx
494f1ab0c04140d1a6105f0e606b3075309f00ffd8aecd6b5a86478b4997252c	2432644	2026-07-01	/p/BRAIN_DRAIN/Data/raw/ipeds/CW2008.xlsx
c18d7f45f30921bd1cfbb0d1e5436b6cc777a33739906896b94e042ecf14e3c8	2587270	2026-07-01	/p/BRAIN_DRAIN/Data/raw/ipeds/CW2009.xlsx
e5b90c7cc00fb4573084a49693a3ad3fb45b11c87333da0b7bc83e283f7704a4	2699373	2026-07-01	/p/BRAIN_DRAIN/Data/raw/ipeds/CW2010.xlsx
3b3cb0fc3674b997fb3d3271fbbb23adbbf8e4ee6077420976e50afc73d6e71d	2785145	2026-07-01	/p/BRAIN_DRAIN/Data/raw/ipeds/CW2011.xlsx
75c3c90cb27c651bdadfaf8e371b85edc2ee84758db626dc669802aa4eafc85e	2823785	2026-07-01	/p/BRAIN_DRAIN/Data/raw/ipeds/CW2012.xlsx
ce8336278508515d69ef37e13663b89c8d69e3e30f63f2ae14999a71f508d700	2795397	2026-07-01	/p/BRAIN_DRAIN/Data/raw/ipeds/CW2013.xlsx
278a90cf7f657cb563ad864c9dd1a63d826455ac4094da24a183b006edc3d616	2799469	2026-07-01	/p/BRAIN_DRAIN/Data/raw/ipeds/CW2014.xlsx
62c3e4e57d48bba67cde6ae3fc8d19219f909e0d429e344a42b7e5e07aa91511	2774247	2026-07-01	/p/BRAIN_DRAIN/Data/raw/ipeds/CW2015.xlsx
7cc4f356cdd19f8f647c09b5b3e9cd23255101bbf5c2d14d87377d54d952b38d	2754363	2026-07-01	/p/BRAIN_DRAIN/Data/raw/ipeds/CW2016.xlsx
c87063aeb8385b562b354fec57af26190b7d274151d4294acfe98eec270a5b22	2700642	2026-07-01	/p/BRAIN_DRAIN/Data/raw/ipeds/CW2017.xlsx
6e892bb393c5f26c4c825c5f3f31b327d2bdd6088b0b0a645c07c9419ff6ea09	2639180	2026-07-01	/p/BRAIN_DRAIN/Data/raw/ipeds/CW2018.xlsx
0899b4afdbb08585a504f7a9b1e40a69603331fd394419d755700c2161db4336	2588702	2026-07-01	/p/BRAIN_DRAIN/Data/raw/ipeds/CW2019.xlsx
f979628438f44406143da671355febf2781ec66c4f2b771081bb420f391175d3	2530819	2026-07-01	/p/BRAIN_DRAIN/Data/raw/ipeds/CW2020.xlsx
492c3ff8eb8c54300de2fa327b0823ae7888a072f084d3fc6991935834359188	2517022	2026-07-01	/p/BRAIN_DRAIN/Data/raw/ipeds/CW2021.xlsx
33dfab300c5f5eb1dde3087d7a0d62dc533814d0f58f410cdb08cea79737cb84	2478965	2026-07-01	/p/BRAIN_DRAIN/Data/raw/ipeds/CW2022_preliminary.xlsx
0e804468cc5bb5d55ef0bf547dbe97aad79e93ee5586a6918c88efa305674b6c	4087545	2026-07-01	/p/BRAIN_DRAIN/Data/raw/ipeds/ipeds_hd2021.csv
cbad80a1a78db9b509ae4d0067b5e2d50587d0ab9fe9fe2b3c9358337813f153	15111154	2026-07-01	/p/BRAIN_DRAIN/Data/raw/nces/ELSI_csv_export_6390435784786712152626.csv
d966af518c31ac73104c26744bc5c914e0f4a581b3aa9e18a21f7cf5c123d39e	2617101	2026-07-01	/p/BRAIN_DRAIN/Data/raw/nces/ELSI_csv_export_639044261135902865330.csv
a4499492f0e22259d0ee91a441d869259a5239acd7707313c1b7d59350d98157	18653457	2026-07-01	/p/BRAIN_DRAIN/Data/raw/nces/ELSI_csv_export_6390455368533882136542.csv
8339355ac189549620e8c3c3021eba4b82841a6d4874f9fa689664b47af64e47	5582459	2026-07-01	/p/BRAIN_DRAIN/Data/raw/nces/Private.csv
1d3c930a4b7b27cbe84000b56fd0fe820b3c5e12ae57cd75c12b6d836eaa4d5d	42879198	2026-07-01	/p/BRAIN_DRAIN/Data/raw/nces/Public.csv
808086bac91faaa9185aa88a79a48dd8aada3cdc6d10120565d2f0373311ed3c	17609	2026-07-01	/p/BRAIN_DRAIN/Data/raw/nces/tabn318.10.xlsx
03b2e20b5af8370d17e1fc5ba62281503545ecccfa63d0704a7599de103d240e	13638	2026-07-01	/p/BRAIN_DRAIN/Data/raw/other/pf.xlsx
ce51615ecfffee317525fc4008395c38402cc52a0e6b0a7b7a91c27a807835af	11443	2026-07-01	/p/BRAIN_DRAIN/Data/raw/rankings_membership/AAU 2.xlsx
c1fadf6a70499f23a37b8e821cc6a5576086acf085562a730a29785551d41faa	11794	2026-07-01	/p/BRAIN_DRAIN/Data/raw/rankings_membership/AAU__06.xlsx
37cd336e9f82945d12916dd040b2123d350e828febb47388a29e37b0b6e309b5	11414	2026-07-01	/p/BRAIN_DRAIN/Data/raw/rankings_membership/AAU__07.xlsx
b078dbe56a47fe336afa79eb09831db59a52ec0b2154c4856fced99d32c55936	48496	2026-07-01	/p/BRAIN_DRAIN/Data/raw/rankings_membership/barrons_mod.xlsx
1a6ae092c344b5f8f848d903aa5645ad50669d7eea8b93bbc65e82e37e28a662	20411614563	2026-07-01	/p/BRAIN_DRAIN/Data/raw/revelio/2026.04.09_demographics.csv.zip
1eb1329542fd4e5c072965b3fbe3606739b924878e784c08ffe0a40f63858953	45919259557	2026-07-01	/p/BRAIN_DRAIN/Data/raw/revelio/2026.04.09_education.csv
6695d58d8276e1fd1c4dc37b9d60e0f7e64b96e8e4cb9b55d244f724c77c333e	4805750991	2026-07-01	/p/BRAIN_DRAIN/Data/raw/revelio/2026.04.09_pos_2000.csv.zip
fdcef350c6c37145f2684cad20de7ee1341c9822f68dac1ddc0d504d386ec738	18329892305	2026-07-01	/p/BRAIN_DRAIN/Data/raw/revelio/2026.04.09_pos_2001.csv.zip
f0e4a8614296d96c516fbb9f339d3e86bc9eae5a28cfb2e06a2cda63dede8ce6	18816178601	2026-07-01	/p/BRAIN_DRAIN/Data/raw/revelio/2026.04.09_pos_2002.csv.zip
3279baa4ea9bdad9400874239f2ee9d11d2b18d83f556f80c83ab3fdda9d9eec	19142437893	2026-07-01	/p/BRAIN_DRAIN/Data/raw/revelio/2026.04.09_pos_2003.csv.zip
695d2f0d79837be120070cf109e4ea554cd5b2e7441f52db4356516d82a41127	20196948052	2026-07-01	/p/BRAIN_DRAIN/Data/raw/revelio/2026.04.09_pos_2004.csv.zip
d6fc3005c2bc41167a14d25aa5e602b2033f70e6a97bffdedf4ccdcff06cc3bd	21182051918	2026-07-01	/p/BRAIN_DRAIN/Data/raw/revelio/2026.04.09_pos_2005.csv.zip
125bf0b87634342d017433ece06755a024164ee5c2b25e643967901d7092ef33	22174271461	2026-07-01	/p/BRAIN_DRAIN/Data/raw/revelio/2026.04.09_pos_2006.csv.zip
8dd870488a23487bcbaab5b45beeade3967ab1b6551888821e5b6cf3f53b9ecc	23407074888	2026-07-01	/p/BRAIN_DRAIN/Data/raw/revelio/2026.04.09_pos_2007.csv.zip
97222b74e06fce3300cf2a41323471207634770dff79a6d362548f4041d8fbb1	24199483664	2026-07-01	/p/BRAIN_DRAIN/Data/raw/revelio/2026.04.09_pos_2008.csv.zip
fa71e830fae092bf34427e488af3dd1694ed6721689bdba45aa20eeb6b5e7a81	25339923764	2026-07-01	/p/BRAIN_DRAIN/Data/raw/revelio/2026.04.09_pos_2009.csv.zip
cf32e3de0aae61ec72c2b2dd577ea242d1f7a417308b8aeb118a2780d5d4d78c	26606917748	2026-07-01	/p/BRAIN_DRAIN/Data/raw/revelio/2026.04.10_pos_2010.csv.zip
0eb5411e1583aa209184b40b13ed50cfa18b842f49b59521c7c1c5f0e1e6fdf1	28076503412	2026-07-01	/p/BRAIN_DRAIN/Data/raw/revelio/2026.04.10_pos_2011.csv.zip
87f251944e78cbfeba178f34316886750d2c64bbcb08d24c6ee956bd0c583505	29601227714	2026-07-01	/p/BRAIN_DRAIN/Data/raw/revelio/2026.04.10_pos_2012.csv.zip
2afb8b8841d26cc8112567736dfee83442fd1d8ae50594d8eca947fc60f99d56	30964888865	2026-07-01	/p/BRAIN_DRAIN/Data/raw/revelio/2026.04.10_pos_2013.csv.zip
bbfe3ca5f76ab3ce71d59d0bbea7d809e14aba82aa096015796790a3dee7814d	32472728832	2026-07-01	/p/BRAIN_DRAIN/Data/raw/revelio/2026.04.10_pos_2014.csv.zip
603f1392c52022fd6a33da84770c2f131fcccf10b073a3b49a0621f3103e3d8f	33978865186	2026-07-01	/p/BRAIN_DRAIN/Data/raw/revelio/2026.04.10_pos_2015.csv.zip
d8876dd2abb0c713fc68f36890dd335faed600882c2b04b7092e6b440140d70f	35885369054	2026-07-01	/p/BRAIN_DRAIN/Data/raw/revelio/2026.04.10_pos_2016.csv.zip
4ba65e78986a37024708e82d03619aaf7f3f55e3ffd107d2f61c6ec9e6926084	37524913108	2026-07-01	/p/BRAIN_DRAIN/Data/raw/revelio/2026.04.10_pos_2017.csv.zip
fd1f1623984b18d6217a6c4e27aebef12bbfcc280147d654e61ca20ea1fb92c2	39538097834	2026-07-01	/p/BRAIN_DRAIN/Data/raw/revelio/2026.04.10_pos_2018.csv.zip
4304a17f120b25a36e8c51d6cf2f9eea08ec1a31ef59c43d2841d4981391af8d	40732870116	2026-07-01	/p/BRAIN_DRAIN/Data/raw/revelio/2026.04.10_pos_2019.csv.zip
d50bcb158887038b543fad6587f347a647b5bd78ceac722e974a0a07ddbd6739	41926782719	2026-07-01	/p/BRAIN_DRAIN/Data/raw/revelio/2026.04.10_pos_2020.csv.zip
b5b57fec1d5f458a7ef72dcfd39ca7595e99beb4f04132b36f3a7202e9c0ae54	43474561894	2026-07-01	/p/BRAIN_DRAIN/Data/raw/revelio/2026.04.10_pos_2021.csv.zip
56027185421ef20aefac4d05b9af3a54af9e78b6e4a40c6e7fa70aa8f06fcb33	45780235992	2026-07-01	/p/BRAIN_DRAIN/Data/raw/revelio/2026.04.10_pos_2022.csv.zip
0e72cca08f479c6cf84a48a4b4bf0883ebed8e11095a13a30c03ef87456566c5	46332310862	2026-07-01	/p/BRAIN_DRAIN/Data/raw/revelio/2026.04.10_pos_2023.csv.zip
c59b47cb5f4e68a4cae1347aec408fe51e24b811bb46ed99cc94a15f6e2fb4b6	45038567970	2026-07-01	/p/BRAIN_DRAIN/Data/raw/revelio/2026.04.10_pos_2025.csv.zip
ce55b695c1f1fac6d53b1f2a349732883c60fcbfe75406b8903d570f43e80bf2	53256452200	2026-07-01	/p/BRAIN_DRAIN/Data/raw/revelio/cleaned_pos_educ_STATES_AK-MD.csv
d57454d4480644d1bb9ce55614659cd1c7564621271580cff3bf1603c2d62caa	62142870080	2026-07-01	/p/BRAIN_DRAIN/Data/raw/revelio/cleaned_pos_educ_STATES_MI-WY.csv
a5c8afd09ccd6c59a221b1525fd2ea855324da03941c3fefe6a671704a87e0f8	431642743	2026-07-01	/p/BRAIN_DRAIN/Data/raw/revelio/raw_educ_STATES.csv
bdc50e9aafb1d64d6d64a454b6de443f4e20ab4e625587626ebab3b52dbf8320	5363637185	2026-07-01	/p/BRAIN_DRAIN/Data/raw/revelio/raw_educ_STATES_AK-MD.csv
483ee5d6946160443991b34e7e689223a6056655d07ce58cba4d42cb130a5aa9	6161357211	2026-07-01	/p/BRAIN_DRAIN/Data/raw/revelio/raw_educ_STATES_MI-WY.csv
a121903be83513a60c5594efe664854366537105759075faa65c08b09c2bb7f8	2886355924	2026-07-01	/p/BRAIN_DRAIN/Data/raw/revelio/raw_microdata__05.csv
83fb08a46086715e01632b9282889203d7b12be71c462948f2377c9fb9bde028	2308154293	2026-07-01	/p/BRAIN_DRAIN/Data/raw/revelio/raw_microdata__07.csv
0f7020ed0820403e973688722f2706669f733f0a638a5838c190b081a1561a86	5363634621	2026-07-01	/p/BRAIN_DRAIN/Data/raw/revelio/STATES_AK-MD.csv
5a131f760c9122f0a83494649f96a0f988cf71c8f88a5816256ecb5ccdc41f91	1261	2026-07-01	/p/BRAIN_DRAIN/Data/raw/urban_institute/EducationDataPortal_08.18.2024_datadictionary.csv
ce842f06b217b74fba9f938cd9e19a9822fd890da7a7482db8bfd20aa82ce453	135298	2026-07-01	/p/BRAIN_DRAIN/Data/results/actual_cohort.csv
34ab4d54dd101eb053db865a6f26c1403c05b03368adb8eea6ebd90222e7b2af	15684	2026-07-01	/p/BRAIN_DRAIN/Data/results/all_binary.csv
9c0e1bcf62ecada48da66ad578836997afde2c91c6d6485346d110df6ee73096	34051	2026-07-01	/p/BRAIN_DRAIN/Data/results/all_binary.xlsx
3cf331633ee2b21cd2c196a12decccf2cd3ba7a3df89aac8626e745495913b16	37623	2026-07-01	/p/BRAIN_DRAIN/Data/results/all_bin_shares_10.csv
20b858a0c7dd313cea70d856138597609e76c0bbe43e9b5bf0305e0384b7a25c	94545	2026-07-01	/p/BRAIN_DRAIN/Data/results/all_bin_shares_25.csv
dbf5241bc6c903b0433768b41962cd9710acc9c0bb602eb6595248398da8b02e	22604	2026-07-01	/p/BRAIN_DRAIN/Data/results/all_bin_shares_5.csv
4f66749a933eb0c634ce0d03e15d542812e4bb14089fa534c66e521f4d51b443	1217	2026-07-01	/p/BRAIN_DRAIN/Data/results/all_bin_shares_cbsa_10.csv
262034724a0e971d99287ea7ea5c97595c9ead8c4ed539a2afad3b959cc8cf06	3039	2026-07-01	/p/BRAIN_DRAIN/Data/results/all_bin_shares_cbsa_25.csv
4b6533afa9f33c82d25403a8923ec50f0656abf3b28864afb37c0d3182ab12fe	671	2026-07-01	/p/BRAIN_DRAIN/Data/results/all_bin_shares_cbsa_5.csv
96d5f05a66baf52c5b140a06fbe0825c2b9804e114d4a831b7e83a42863c72b0	1314	2026-07-01	/p/BRAIN_DRAIN/Data/results/all_bin_shares_state_10.csv
b7b8fd83046fc002961afbef12666fc4209e300dbe983cee58f7b0992a80fe96	3038	2026-07-01	/p/BRAIN_DRAIN/Data/results/all_bin_shares_state_25.csv
fcdbbcf6ff22c2ed41c02bc10c86670221b7128a60ed8dadd7e12719dcfac7c5	751	2026-07-01	/p/BRAIN_DRAIN/Data/results/all_bin_shares_state_5.csv
dea9f435c542d1ff218a33c158eb876a9c65009b5f05a1cfafadb6ab4ea72c03	392870	2026-07-01	/p/BRAIN_DRAIN/Data/results/bin_10.csv
0f0eedfbc54e4d5d9ff4ca09d0cafbf39b18a164de1bb5a12b67cedddc197876	1081265	2026-07-01	/p/BRAIN_DRAIN/Data/results/bin_25.csv
c07e306354a7c8e592504af5297bdfc5bbddabc2634488d9a62cab500f28b716	315553	2026-07-01	/p/BRAIN_DRAIN/Data/results/bin_5.csv
c5c5121ec3e0efec6986a1f391df6e352354b2dbae7d044cb1da773570cd4614	272193	2026-07-01	/p/BRAIN_DRAIN/Data/results/bin_5.xlsx
457602acb6c5de4f8b45c7b2362e51f677f59d0dea6051c5142c19274bca2253	268398	2026-07-01	/p/BRAIN_DRAIN/Data/results/bin_cbsa_10.csv
a36463ee5fe5006a0d894c309c029a32df9bf131fcf87e32d1a652319ad05b8d	1046321	2026-07-01	/p/BRAIN_DRAIN/Data/results/bin_cbsa_25.csv
c9350b6dace4e027582256f6aa0a658e215d3de5f799960f6e7dd0f893507989	192020	2026-07-01	/p/BRAIN_DRAIN/Data/results/bin_cbsa_5.csv
27f41e469dce2636d76dac6b8170a3d70c332a862ad7782986a74a449336b459	469599	2026-07-01	/p/BRAIN_DRAIN/Data/results/bin_state_10.csv
6dee538f6772c1d03c864bfa2abfb38f38341b1bf8ef7b57c796bc7ae0f64f3a	1014447	2026-07-01	/p/BRAIN_DRAIN/Data/results/bin_state_25.csv
447feb1b971252f2dfe99cb7f3ec19f202b3e21fd9af37913f5924ced2086626	295659	2026-07-01	/p/BRAIN_DRAIN/Data/results/bin_state_5.csv
92f2e7e191837892fd30f6ac4fd63948b4961e8f8dba952b4d5087d1ae719d74	10727	2026-07-01	/p/BRAIN_DRAIN/Data/results/chetty_sel_dist_stats.xlsx
fde9963a95523a27a1c847d6ce5e18a8b2dfcd6c653103de99790f7381a35d3a	6178	2026-07-01	/p/BRAIN_DRAIN/Data/results/coef_data.csv
687bbd8220b15880cfe46e0cda93cc340e759a92a2bb97c78b9906cfcd47b5bd	20999	2026-07-01	/p/BRAIN_DRAIN/Data/results/coef_data_semi.csv
ffd2ed85c172d66806736b654549db8326c94b4fac8d9b52f0793d7269e0518f	3798	2026-07-01	/p/BRAIN_DRAIN/Data/results/directed_2000_2005.csv
8c9b96fde08084c63ea79b647117b275bf2db7246218b4eadc2bc03401cec1e8	3818	2026-07-01	/p/BRAIN_DRAIN/Data/results/directed_2000_2010.csv
798545dde4acb90c5ca9dfca6666153d772388db6431613eccae2854f0cad81a	3798	2026-07-01	/p/BRAIN_DRAIN/Data/results/directed_2001_2006.csv
a500bbc9efbef76782bec26ab7bde308597e1b411f53404d9c47dfe4fad9dd60	3831	2026-07-01	/p/BRAIN_DRAIN/Data/results/directed_2001_2011.csv
8b59d47a63c6535ca5f05128823bcc896b81f36659240e02bba827b25c6bf4e8	3807	2026-07-01	/p/BRAIN_DRAIN/Data/results/directed_2002_2007.csv
fcc7a18c4cd8861790110025c0430b1295620a49d38f9fccf918d5d97acadb92	3834	2026-07-01	/p/BRAIN_DRAIN/Data/results/directed_2002_2012.csv
fabfd56654807d65480f7fd0f9b3f28eaf22b54adfba9f6c7769139c77a111f1	3817	2026-07-01	/p/BRAIN_DRAIN/Data/results/directed_2003_2008.csv
b5682bfb8f2fbc27252fe2c441c8155b042e1936693fe2246af069485fedea2c	3817	2026-07-01	/p/BRAIN_DRAIN/Data/results/directed_2003_2013.csv
4628bbbca334887abc0400730e65432ce303b3f4d83853dee03b0011320980f6	3821	2026-07-01	/p/BRAIN_DRAIN/Data/results/directed_2004_2009.csv
62aea91dd48106661ab2cae6871803ab8b676608dfa942057049b32faf349bc2	3846	2026-07-01	/p/BRAIN_DRAIN/Data/results/directed_2004_2014.csv
fcfae76a04b596fc7b5569b28c034bfe6cce72fdfd8b7fdb18a6f9b57ad6c725	3817	2026-07-01	/p/BRAIN_DRAIN/Data/results/directed_2005_2010.csv
a460cd33b10854a91c38d0cc91781f674783c7765c41f87beb48d393e06b1f25	3834	2026-07-01	/p/BRAIN_DRAIN/Data/results/directed_2005_2015.csv
01008d5b0f6e8a73115d6418d5bcb980bf79e60c4c0344f95bf0935d439c6102	3840	2026-07-01	/p/BRAIN_DRAIN/Data/results/directed_2006_2011.csv
fb233fdef75b1a576ce2ecc6ad70e2bcc93252e00afb94fbbfd80c30aa371dd7	3827	2026-07-01	/p/BRAIN_DRAIN/Data/results/directed_2006_2016.csv
04202484801bda08dc1d8adeae6de76838c86fcbbc3c0ab4a1e9364b741be009	3835	2026-07-01	/p/BRAIN_DRAIN/Data/results/directed_2007_2012.csv
efff4b06020550adc4b32bc7356f296efb83c84abc0e880824771ac068f569a6	3829	2026-07-01	/p/BRAIN_DRAIN/Data/results/directed_2007_2017.csv
48716613d7c13f5be6bad346210303035f2cec34d1dcda535721fd61ec645a5e	3816	2026-07-01	/p/BRAIN_DRAIN/Data/results/directed_2008_2013.csv
6f8408bd7ad3c2b0cf2c995ded1a33118107dbda1c0c1cda19883f8fc3c0e3d2	3825	2026-07-01	/p/BRAIN_DRAIN/Data/results/directed_2009_2014.csv
a98c6bf5f4586851130760301752b251a85882592365d21969f2b9d8b675678c	3824	2026-07-01	/p/BRAIN_DRAIN/Data/results/directed_2010_2015.csv
ea9575379dbc76c4f79997e1bdf00fdbee5b3a9a5eb796452ab535ef3550540a	3848	2026-07-01	/p/BRAIN_DRAIN/Data/results/directed_2011_2016.csv
fa26f8fd7978a7511cf0552ff7048b182c2c7065fe31f77b7ddc56922c6d0fef	3833	2026-07-01	/p/BRAIN_DRAIN/Data/results/directed_2012_2017.csv
b5f812fa27fdebf94bde22cb80d68a33264bcdef769c68eb6bfc48b3a9792279	14235	2026-07-01	/p/BRAIN_DRAIN/Data/results/group_semi_elasticities.csv
8d3a0febe1ed389c82e6fabd364938bde5883ece5f31840f59747c7e87fc32af	3047395669	2026-07-01	/p/BRAIN_DRAIN/Data/results/regression_data__06.csv
edde6c76b6e939692969654ca15d85e09764eef2fe15461a7dc901e7886a054a	5499040	2026-07-01	/p/BRAIN_DRAIN/Data/results/regression_data__top.csv
40c63acdeee09afc4bf01d3c99368c1b2c3208da5a6e88ae86228ebe5d07fac8	94792	2026-07-01	/p/BRAIN_DRAIN/Data/results/returners_cbsa_10.csv
efb7b0c1a30565461b4c6e28d8f34d1bd1cacb68adbc005bce48b467a1cd65d2	953292	2026-07-01	/p/BRAIN_DRAIN/Data/results/returners_cbsa_25.csv
b4ac20f2492830828e8f3c1550936d4cdd87993625a46fc63c478bcc01529bb6	71555	2026-07-01	/p/BRAIN_DRAIN/Data/results/returners_cbsa_5.csv
82d1840dcc3f583a6be8a1f110b065995c8af245cfaaee0d7984c2e5fec77c61	360477	2026-07-01	/p/BRAIN_DRAIN/Data/results/returners_state_10.csv
9b32ff9976f42246b1017370395490100f8cf956a9ebc6082f0c3bb3f622f572	951593	2026-07-01	/p/BRAIN_DRAIN/Data/results/returners_state_25.csv
f38fb58d6be91f11470c52b288a30b580f2cecd3e2790b8e349ecbeb7def9bf3	198721	2026-07-01	/p/BRAIN_DRAIN/Data/results/returners_state_5.csv
f7d8b72881a99998e36c8d56023125076c7a6908d6547f1861620d662cb6505a	2215	2026-07-01	/p/BRAIN_DRAIN/Data/results/summary_demographics.csv
dbbd7b785b0fbd25bdf309f72104cf4cc15589c673732e4bcd15863fc8d59d3e	1042	2026-07-01	/p/BRAIN_DRAIN/Data/results/summary_demographics.rds
HASH_ERROR	8196	2026-07-01	/p/BRAIN_DRAIN/Data/_review/junk/.DS_Store__01-1
HASH_ERROR	6148	2026-07-01	/p/BRAIN_DRAIN/Data/_review/junk/.DS_Store__01-2
HASH_ERROR	6148	2026-07-01	/p/BRAIN_DRAIN/Data/_review/junk/.DS_Store__02
HASH_ERROR	6148	2026-07-01	/p/BRAIN_DRAIN/Data/_review/junk/.DS_Store__03
HASH_ERROR	6148	2026-07-01	/p/BRAIN_DRAIN/Data/_review/junk/.DS_Store__07
HASH_ERROR	22532	2026-07-01	/p/BRAIN_DRAIN/Data/_review/junk/.DS_Store__top
HASH_ERROR	57382082	2026-07-01	/p/BRAIN_DRAIN/Data/_review/junk/ELSI_csv_export_6390435443173860515321.csv
HASH_ERROR	1399	2026-07-01	/p/BRAIN_DRAIN/Data/_review/junk/GUST e-foundry License.txt
HASH_ERROR	107780	2026-07-01	/p/BRAIN_DRAIN/Data/_review/junk/lmroman10-bold.otf
HASH_ERROR	114140	2026-07-01	/p/BRAIN_DRAIN/Data/_review/junk/lmroman10-bolditalic.otf
HASH_ERROR	115244	2026-07-01	/p/BRAIN_DRAIN/Data/_review/junk/lmroman10-italic.otf
HASH_ERROR	107188	2026-07-01	/p/BRAIN_DRAIN/Data/_review/junk/lmroman10-regular.otf
HASH_ERROR	112444	2026-07-01	/p/BRAIN_DRAIN/Data/_review/junk/lmromancaps10-oblique.otf
HASH_ERROR	103948	2026-07-01	/p/BRAIN_DRAIN/Data/_review/junk/lmromancaps10-regular.otf
HASH_ERROR	114524	2026-07-01	/p/BRAIN_DRAIN/Data/_review/junk/lmromandemi10-oblique.otf
HASH_ERROR	107820	2026-07-01	/p/BRAIN_DRAIN/Data/_review/junk/lmromandemi10-regular.otf
HASH_ERROR	118228	2026-07-01	/p/BRAIN_DRAIN/Data/_review/junk/lmromandunh10-oblique.otf
HASH_ERROR	109328	2026-07-01	/p/BRAIN_DRAIN/Data/_review/junk/lmromandunh10-regular.otf
HASH_ERROR	113756	2026-07-01	/p/BRAIN_DRAIN/Data/_review/junk/lmromanslant10-bold.otf
HASH_ERROR	115648	2026-07-01	/p/BRAIN_DRAIN/Data/_review/junk/lmromanslant10-regular.otf
HASH_ERROR	4869	2026-07-01	/p/BRAIN_DRAIN/Data/_review/junk/make_transfer_inventory.py
HASH_ERROR	5532	2026-07-01	/p/BRAIN_DRAIN/Data/_review/junk/occ1990dd_task_alm.dta
HASH_ERROR	258	2026-07-01	/p/BRAIN_DRAIN/Data/_review/junk/README for occ1990dd_task_alm.dta.txt
HASH_ERROR	3841	2026-07-01	/p/BRAIN_DRAIN/Data/_review/junk/transfer_code.csv
HASH_ERROR	37610	2026-07-01	/p/BRAIN_DRAIN/Data/_review/junk/transfer_inventory.csv
HASH_ERROR	12548	2026-07-01	/p/BRAIN_DRAIN/Data/_review/junk/transfer_outputs.csv
HASH_ERROR	3821010463	2026-07-01	/p/BRAIN_DRAIN/Data/_review/junk/uwdbhdlkbnzhaqxd.csv
HASH_ERROR	165	2026-07-01	/p/BRAIN_DRAIN/Data/_review/junk/~$AAU.xlsx
HASH_ERROR	165	2026-07-01	/p/BRAIN_DRAIN/Data/_review/junk/~$CW2000.xlsx
HASH_ERROR	165	2026-07-01	/p/BRAIN_DRAIN/Data/_review/junk/~$CW2021.xlsx
HASH_ERROR	165	2026-07-01	/p/BRAIN_DRAIN/Data/_review/junk/~$CW2022_preliminary.xlsx
HASH_ERROR	165	2026-07-01	/p/BRAIN_DRAIN/Data/_review/junk/~$education.xlsx
HASH_ERROR	165	2026-07-01	/p/BRAIN_DRAIN/Data/_review/junk/~$misfits_helper.xlsx
HASH_ERROR	165	2026-07-01	/p/BRAIN_DRAIN/Data/_review/junk/~$occupation.xlsx
HASH_ERROR	165	2026-07-01	/p/BRAIN_DRAIN/Data/_review/junk/~$persistent_match_issues.xlsx
HASH_ERROR	165	2026-07-01	/p/BRAIN_DRAIN/Data/_review/junk/~$pf.xlsx
EMPTY_FILE	0	2026-07-01	/p/BRAIN_DRAIN/Data/_review/needs_inspection/all_binary_cbsa.csv
EMPTY_FILE	0	2026-07-01	/p/BRAIN_DRAIN/Data/_review/needs_inspection/all_binary_cbsa.xlsx
EMPTY_FILE	0	2026-07-01	/p/BRAIN_DRAIN/Data/_review/needs_inspection/barrons01.pdf
EMPTY_FILE	0	2026-07-01	/p/BRAIN_DRAIN/Data/_review/needs_inspection/barrons_mod_endowment.xlsx
EMPTY_FILE	0	2026-07-01	/p/BRAIN_DRAIN/Data/_review/needs_inspection/barrons_raw.xlsx
EMPTY_FILE	0	2026-07-01	/p/BRAIN_DRAIN/Data/_review/needs_inspection/chetty_closed_colleges.csv
EMPTY_FILE	0	2026-07-01	/p/BRAIN_DRAIN/Data/_review/needs_inspection/col_users.csv
EMPTY_FILE	0	2026-07-01	/p/BRAIN_DRAIN/Data/_review/needs_inspection/col_users.xlsx
EMPTY_FILE	0	2026-07-01	/p/BRAIN_DRAIN/Data/_review/needs_inspection/education_0000_part_00.csv
EMPTY_FILE	0	2026-07-01	/p/BRAIN_DRAIN/Data/_review/needs_inspection/education_cleaned.csv
EMPTY_FILE	0	2026-07-01	/p/BRAIN_DRAIN/Data/_review/needs_inspection/ed_funding.xlsx
EMPTY_FILE	0	2026-07-01	/p/BRAIN_DRAIN/Data/_review/needs_inspection/Grawe.xlsx
EMPTY_FILE	0	2026-07-01	/p/BRAIN_DRAIN/Data/_review/needs_inspection/hs_users.csv
EMPTY_FILE	0	2026-07-01	/p/BRAIN_DRAIN/Data/_review/needs_inspection/hs_users.xlsx
EMPTY_FILE	0	2026-07-01	/p/BRAIN_DRAIN/Data/_review/needs_inspection/IPEDS codebook.xlsx
EMPTY_FILE	0	2026-07-01	/p/BRAIN_DRAIN/Data/_review/needs_inspection/ipeds_adm2021.csv
EMPTY_FILE	0	2026-07-01	/p/BRAIN_DRAIN/Data/_review/needs_inspection/ipeds_ef2020c.csv
EMPTY_FILE	0	2026-07-01	/p/BRAIN_DRAIN/Data/_review/needs_inspection/ipeds_hd2020_dictionary.xlsx
HASH_ERROR	257	2026-07-01	/p/BRAIN_DRAIN/Data/_review/needs_inspection/outsample_values
EMPTY_FILE	0	2026-07-01	/p/BRAIN_DRAIN/Data/_review/needs_inspection/Postsecondary.csv
EMPTY_FILE	0	2026-07-01	/p/BRAIN_DRAIN/Data/_review/needs_inspection/Private15.xlsx
EMPTY_FILE	0	2026-07-01	/p/BRAIN_DRAIN/Data/_review/needs_inspection/Public15.xlsx
HASH_ERROR	275	2026-07-01	/p/BRAIN_DRAIN/Data/_review/needs_inspection/restrict_values
EMPTY_FILE	0	2026-07-01	/p/BRAIN_DRAIN/Data/_review/needs_inspection/return_rate_layout.xlsx
EMPTY_FILE	0	2026-07-01	/p/BRAIN_DRAIN/Data/_review/needs_inspection/sampled_MI-WY.csv
EMPTY_FILE	0	2026-07-01	/p/BRAIN_DRAIN/Data/_review/needs_inspection/state_list.xlsx
EMPTY_FILE	0	2026-07-01	/p/BRAIN_DRAIN/Data/_review/needs_inspection/totals_cbsa.csv
EMPTY_FILE	0	2026-07-01	/p/BRAIN_DRAIN/Data/_review/needs_inspection/totals_cbsa.xlsx
EMPTY_FILE	0	2026-07-01	/p/BRAIN_DRAIN/Data/_review/needs_inspection/WholeData Data Dictionary.pdf
